,rxn_id,predicted
0,0,15.9117365
1,1,9.566316
2,2,8.446842
3,3,9.020602
4,4,16.763718
5,5,15.388956
6,6,18.415956
7,7,10.274195
8,8,13.010366
9,9,13.231416
10,10,15.597546
11,11,19.355692
12,15,12.254313
13,16,20.789017
14,17,22.203213
15,18,19.779936
16,19,20.324535
17,20,13.319041
18,21,15.460657
19,22,15.0841055
20,23,15.601756
21,27,12.5620575
22,28,15.4977255
23,29,13.84709
24,30,13.119216
25,31,11.932909
26,32,11.769166
27,33,13.048274
28,34,13.387666
29,35,10.490734
30,36,15.078666
31,37,10.258408
32,38,15.270674
33,39,10.537737
34,40,16.099455
35,41,16.348497
36,42,15.032833
37,43,9.070254
38,44,17.726763
39,45,24.923483
40,46,21.488295
41,47,16.511608
42,48,10.580437
43,49,12.172452
44,50,16.049618
45,51,17.209614
46,52,9.896352
47,53,11.924765
48,54,11.092371
49,55,16.305672
50,56,28.823082
51,57,11.242311
52,58,16.896988
53,59,17.761555
54,60,22.170956
55,61,21.147417
56,62,14.219716
57,63,19.009857
58,64,15.956456
59,65,14.301906
60,66,13.18201
61,67,16.935024
62,68,8.072699
63,69,21.884249
64,70,11.052117
65,71,15.891983
66,72,8.8129015
67,73,22.6677
68,74,11.13507
69,75,15.758546
70,78,16.450178
71,79,8.190587
72,80,16.550632
73,81,17.058664
74,82,22.546133
75,83,14.769664
76,84,18.901562
77,85,12.749794
78,86,27.483854
79,87,10.94813
80,88,9.232979
81,89,11.4605875
82,90,16.14685
83,91,8.302459
84,94,18.069551
85,95,13.813449
86,96,13.201345
87,97,16.813385
88,98,12.021191
89,99,18.205925
90,100,15.142716
91,101,15.343408
92,102,13.510642
93,103,14.162984
94,104,17.760132
95,105,17.770103
96,106,14.144169
97,107,11.513391
98,108,13.870478
99,109,13.529731
100,110,13.8568325
101,111,21.043575
102,112,11.798907
103,113,17.069296
104,114,17.28061
105,115,11.847451
106,120,14.410583
107,121,21.62674
108,122,17.998327
109,123,15.068508
110,124,14.384721
111,125,13.773631
112,126,14.41613
113,127,16.70028
114,128,27.455582
115,129,14.533927
116,130,15.305658
117,131,27.98037
118,132,15.631611
119,133,16.928236
120,134,20.066336
121,135,13.621009
122,136,23.869514
123,137,14.964329
124,138,14.6826515
125,139,11.104726
126,140,8.004989
127,141,9.97673
128,142,7.7664204
129,143,9.26707
130,144,12.462126
131,145,17.291597
132,146,15.794127
133,147,17.518871
134,148,13.890962
135,149,17.768484
136,150,11.666793
137,151,15.233573
138,152,11.112632
139,153,30.27532
140,157,27.780855
141,158,10.089817
142,159,20.090952
143,160,16.964647
144,161,13.432393
145,162,16.656553
146,164,26.977222
147,165,18.043295
148,166,10.679548
149,167,15.952393
150,168,9.700071
151,169,11.579131
152,171,13.666451
153,172,17.129234
154,173,11.405158
155,176,14.244909
156,177,14.172728
157,178,13.235305
158,179,22.168154
159,180,10.668992
160,181,8.948018
161,184,21.210955
162,185,10.876814
163,187,10.577907
164,188,16.23052
165,189,13.302268
166,190,11.025455
167,191,7.7440405
168,192,17.722721
169,193,17.409128
170,194,13.875003
171,195,18.626055
172,196,16.227259
173,197,19.821321
174,200,14.701289
175,201,12.2339735
176,202,22.115082
177,203,14.044227
178,204,11.04668
179,205,12.159493
180,206,13.511633
181,208,12.121929
182,210,10.773055
183,211,19.232548
184,212,15.696515
185,213,11.971279
186,214,16.15734
187,215,22.751816
188,216,11.625603
189,217,22.127663
190,218,10.345881
191,219,10.755358
192,220,15.869014
193,221,21.934174
194,222,9.204607
195,223,19.16291
196,224,13.394917
197,225,14.403032
198,226,23.087887
199,227,11.113417
200,231,19.608316
201,232,10.375209
202,233,10.169888
203,234,12.933377
204,235,18.068033
205,236,11.402824
206,238,17.313353
207,239,10.443891
208,243,16.158497
209,244,20.659817
210,245,11.970589
211,246,11.389821
212,247,14.710719
213,248,8.591933
214,249,16.837847
215,250,13.05015
216,251,9.013081
217,252,9.633379
218,253,12.101538
219,254,12.507159
220,255,15.431652
221,256,14.070488
222,257,14.989332
223,258,13.082228
224,259,11.4775305
225,260,19.050522
226,261,13.116378
227,262,11.257406
228,263,18.304167
229,264,17.129234
230,265,12.281417
231,266,15.815302
232,267,19.92885
233,268,26.84167
234,269,16.869547
235,270,15.100797
236,271,12.737374
237,272,24.839344
238,273,14.658854
239,274,13.04168
240,275,6.17466
241,276,14.487178
242,277,15.389258
243,278,13.122897
244,279,21.68752
245,280,20.388994
246,281,20.749914
247,282,17.196852
248,283,8.737817
249,284,13.492907
250,285,9.824256
251,286,15.119784
252,287,13.609938
253,288,8.342428
254,289,12.062705
255,290,17.751354
256,291,10.477653
257,294,16.132086
258,295,10.579356
259,296,19.10914
260,297,12.365457
261,298,14.760243
262,299,9.731636
263,300,17.343645
264,301,8.930676
265,302,15.200511
266,303,11.714951
267,304,20.081743
268,305,24.341713
269,306,12.511326
270,307,12.177684
271,310,25.085897
272,311,17.273464
273,312,19.818897
274,313,21.464325
275,314,12.528884
276,316,13.910585
277,317,20.1821
278,318,21.406643
279,319,12.423267
280,320,13.20373
281,321,19.299034
282,322,9.577327
283,323,9.300951
284,324,15.545536
285,325,16.486479
286,326,11.07167
287,327,21.287521
288,328,15.309681
289,329,16.270277
290,331,17.921143
291,336,30.27532
292,337,10.912394
293,338,10.900506
294,339,16.474983
295,340,15.918043
296,341,15.063104
297,342,12.356625
298,343,16.024311
299,344,25.080372
300,345,8.887049
301,346,13.481656
302,347,17.412006
303,348,10.790289
304,349,19.50385
305,350,13.847156
306,351,9.902359
307,352,12.90082
308,353,20.892488
309,354,13.205616
310,355,14.861642
311,357,10.319477
312,359,15.139093
313,360,9.581806
314,361,19.311329
315,362,12.125364
316,363,15.712946
317,364,13.131414
318,365,14.15062
319,366,17.28526
320,367,14.36825
321,369,12.639749
322,373,12.162657
323,374,12.522944
324,375,23.55405
325,376,10.514448
326,377,14.067815
327,380,12.208178
328,381,17.311316
329,383,17.881212
330,384,13.849304
331,385,11.749415
332,387,24.161392
333,388,18.034903
334,389,12.23374
335,392,19.52819
336,393,19.35017
337,394,15.727319
338,395,9.696475
339,396,26.07423
340,397,14.4005165
341,400,15.556777
342,401,15.851997
343,404,12.647455
344,405,12.712398
345,407,10.131794
346,408,19.771393
347,409,13.939586
348,410,13.097974
349,411,9.056102
350,412,20.197575
351,413,26.150421
352,416,23.755957
353,418,10.579195
354,419,22.624247
355,420,11.363209
356,421,20.880524
357,422,18.454174
358,423,18.886467
359,424,17.472445
360,426,25.52202
361,427,8.026285
362,428,11.018921
363,429,15.522631
364,430,13.874218
365,431,17.659199
366,432,14.590982
367,434,10.091534
368,435,22.170584
369,436,11.624647
370,437,19.078688
371,438,11.126925
372,439,15.00512
373,440,13.26852
374,441,9.104498
375,442,17.823109
376,443,12.4036875
377,447,9.53724
378,448,19.92661
379,449,23.022558
380,450,8.258171
381,451,19.044971
382,452,16.008797
383,453,22.708878
384,454,18.396507
385,455,11.90158
386,459,11.74734
387,460,21.81092
388,461,14.830627
389,462,12.9205065
390,463,25.122711
391,464,12.626269
392,465,12.159493
393,466,16.62824
394,467,15.480454
395,468,11.868924
396,469,13.282998
397,470,16.285398
398,471,15.184288
399,472,24.55053
400,473,16.85885
401,474,14.367663
402,475,10.275196
403,476,11.934388
404,477,13.350337
405,478,23.21843
406,479,9.3180895
407,480,10.928611
408,482,12.276809
409,483,18.273283
410,484,12.686152
411,485,10.500152
412,486,15.4137
413,487,14.594571
414,488,22.449509
415,489,6.6150374
416,490,10.67359
417,491,12.768857
418,492,12.025752
419,493,16.9307
420,494,17.526373
421,495,8.949271
422,496,9.094268
423,497,17.975824
424,498,12.43715
425,499,11.254054
426,500,22.170584
427,501,13.921529
428,502,15.4223585
429,503,15.941471
430,504,10.084184
431,505,14.701406
432,506,27.484743
433,507,8.5158415
434,510,17.956667
435,511,11.134947
436,512,14.672062
437,513,15.13648
438,514,7.7103753
439,515,12.779861
440,517,10.708194
441,518,19.25929
442,519,13.39366
443,520,11.874693
444,521,14.071955
445,522,19.997383
446,523,14.845386
447,526,10.923449
448,527,11.3313875
449,528,14.3930235
450,529,16.145857
451,530,13.81516
452,531,14.743858
453,532,10.731483
454,533,18.964066
455,534,12.462467
456,535,10.943383
457,538,13.30677
458,539,22.173567
459,541,14.376363
460,543,23.93741
461,546,13.122329
462,547,22.203213
463,552,9.110547
464,553,9.190335
465,554,12.804397
466,555,11.321504
467,556,9.147729
468,557,11.08292
469,559,21.855005
470,560,17.718212
471,561,16.724014
472,563,16.242289
473,564,9.293798
474,565,14.116079
475,566,13.36851
476,567,13.155002
477,568,11.930368
478,569,19.556648
479,570,15.916613
480,571,11.165119
481,572,29.076954
482,573,10.123471
483,575,13.797085
484,576,15.366464
485,577,7.5055833
486,578,17.45323
487,579,25.297514
488,580,15.951486
489,581,19.81353
490,582,14.880266
491,583,22.133087
492,584,11.678945
493,585,8.643086
494,589,16.55563
495,590,19.611885
496,591,10.267311
497,593,12.515361
498,596,12.787139
499,597,14.853134
500,599,19.064886
501,600,10.250538
502,601,19.203575
503,602,10.310278
504,603,17.357058
505,604,19.694412
506,605,12.892305
507,608,8.19546
508,609,21.925386
509,610,16.733864
510,611,19.656076
511,612,14.804481
512,613,21.947205
513,617,12.871377
514,620,7.9753137
515,621,9.631626
516,623,13.550136
517,624,20.889084
518,625,14.485742
519,626,11.193968
520,627,14.301265
521,628,13.641042
522,629,22.571312
523,632,11.411167
524,633,19.7933
525,634,11.251054
526,635,14.103842
527,637,9.250862
528,639,16.535551
529,640,24.628176
530,641,11.1647835
531,643,13.279832
532,644,9.572987
533,645,12.202081
534,646,19.780619
535,647,16.39905
536,648,12.161618
537,649,12.731624
538,650,13.769124
539,651,10.37473
540,652,21.813814
541,653,17.49366
542,654,17.206268
543,656,14.608766
544,657,12.238282
545,658,14.780122
546,659,11.540748
547,663,13.132223
548,664,20.273697
549,665,16.768972
550,666,16.32115
551,667,20.227959
552,668,13.6862545
553,669,12.178067
554,670,18.345854
555,674,19.916668
556,675,16.28325
557,676,17.36364
558,677,13.172395
559,679,8.3347845
560,680,15.897599
561,681,18.456888
562,682,19.561005
563,683,13.203926
564,684,18.203167
565,686,13.438295
566,687,17.295406
567,688,11.680794
568,689,18.831326
569,690,14.105807
570,691,9.808776
571,692,11.378854
572,693,6.5795274
573,694,27.215229
574,695,11.018198
575,696,9.2276945
576,697,10.973771
577,698,20.239128
578,699,19.893835
579,700,11.071752
580,701,9.3436365
581,702,8.85396
582,703,19.82995
583,704,8.248544
584,705,13.9742775
585,706,22.246399
586,707,22.928114
587,708,17.552492
588,709,17.29524
589,710,13.859111
590,711,8.689134
591,712,12.313438
592,713,21.676247
593,714,19.102314
594,715,10.384151
595,716,12.117059
596,717,9.745145
597,718,24.407223
598,719,16.799763
599,720,16.519728
600,721,14.55026
601,722,7.87307
602,725,17.267775
603,726,14.576296
604,727,10.023595
605,728,11.362852
606,729,15.48038
607,730,16.2265
608,731,16.090498
609,732,11.302302
610,733,11.51777
611,734,22.938465
612,735,17.290499
613,736,14.227577
614,738,27.10002
615,741,12.6417885
616,742,15.388671
617,743,18.956083
618,744,18.454174
619,745,12.758749
620,746,10.526892
621,747,17.982224
622,749,11.934388
623,750,20.075876
624,751,17.614645
625,753,10.83213
626,754,13.921195
627,755,19.0994
628,756,24.285904
629,757,9.012157
630,758,17.478487
631,759,17.049942
632,760,9.99858
633,761,9.850284
634,762,8.203203
635,767,11.031681
636,768,13.589758
637,769,12.943284
638,770,11.992833
639,771,14.104922
640,772,10.728444
641,774,8.791457
642,775,29.351395
643,776,9.967977
644,778,28.747541
645,779,14.964224
646,780,10.54969
647,781,12.857367
648,782,10.504877
649,783,7.793296
650,784,16.02169
651,785,17.9189
652,786,19.399843
653,787,18.739367
654,788,7.76103
655,789,11.096687
656,790,17.36738
657,792,15.816186
658,793,19.870394
659,794,19.729267
660,795,12.595978
661,797,17.022335
662,798,20.047956
663,800,15.527871
664,804,9.129265
665,805,12.609795
666,806,18.205465
667,807,11.696891
668,808,13.86305
669,811,20.043766
670,812,10.500834
671,813,9.025465
672,814,12.606416
673,815,10.638148
674,816,9.788732
675,818,18.274332
676,819,15.705872
677,820,13.955578
678,823,7.150153
679,824,16.13934
680,825,16.294117
681,826,17.448874
682,827,12.290729
683,831,9.933935
684,832,16.336393
685,835,11.53035
686,836,13.619593
687,838,14.028948
688,839,13.155136
689,840,18.63554
690,841,27.01145
691,843,6.727834
692,844,12.682976
693,847,17.977957
694,848,13.832639
695,849,15.40792
696,850,10.787764
697,851,16.16215
698,852,6.271774
699,855,12.379896
700,857,10.057416
701,858,13.546543
702,859,16.227013
703,860,17.358074
704,861,19.725357
705,862,13.467252
706,863,10.682272
707,864,26.217474
708,865,24.489594
709,866,12.225038
710,867,13.8098955
711,868,23.190754
712,869,9.602017
713,870,13.711139
714,871,14.883207
715,872,8.912848
716,873,17.314318
717,874,22.192068
718,878,27.432775
719,879,11.7582855
720,880,15.952393
721,881,14.601576
722,882,12.9215975
723,883,12.595372
724,884,7.8012767
725,885,16.643568
726,886,15.597
727,890,12.605866
728,891,9.381569
729,892,11.915794
730,893,10.285907
731,894,10.169456
732,895,15.781378
733,896,13.249775
734,897,9.916157
735,898,15.492335
736,899,8.474695
737,900,11.54843
738,901,8.565596
739,902,18.477362
740,903,10.532616
741,904,19.960625
742,905,11.668355
743,906,16.501135
744,907,14.150798
745,908,11.539543
746,909,16.095123
747,910,8.213626
748,911,11.984829
749,913,15.858894
750,914,11.333501
751,915,18.366734
752,916,13.054763
753,917,11.571312
754,918,16.64556
755,919,10.056782
756,920,8.9330225
757,921,18.252247
758,922,14.929822
759,923,25.049273
760,924,12.838271
761,925,20.243456
762,926,27.215229
763,927,16.772886
764,928,21.509861
765,929,18.857538
766,930,22.85754
767,931,14.589503
768,932,23.602175
769,933,11.037027
770,934,24.128807
771,935,18.700203
772,936,17.836494
773,937,15.419093
774,938,14.456044
775,941,11.922471
776,942,7.2923613
777,943,11.356638
778,944,18.294863
779,945,16.2265
780,946,5.705877
781,947,8.26687
782,948,26.028603
783,949,15.380216
784,950,7.9388537
785,951,9.892588
786,952,13.875431
787,953,17.918816
788,954,19.793854
789,957,14.511834
790,958,12.133977
791,959,16.7431
792,961,18.204098
793,963,14.4057665
794,964,8.549866
795,965,11.433151
796,966,11.0276985
797,967,25.141932
798,968,14.429046
799,969,12.977607
800,970,11.700417
801,971,11.13303
802,972,13.910424
803,973,12.13596
804,974,19.379763
805,975,13.649052
806,976,12.054895
807,978,11.417205
808,983,14.54308
809,984,10.876814
810,985,19.93881
811,986,14.982022
812,987,9.006212
813,988,18.727125
814,989,18.556778
815,990,11.159018
816,991,10.7134075
817,992,15.285124
818,993,15.156294
819,994,17.52828
820,995,13.551942
821,996,15.76341
822,997,11.416089
823,998,12.345365
824,999,22.947968
825,1000,6.938584
826,1001,16.789982
827,1002,18.630209
828,1003,20.989807
829,1004,15.411305
830,1006,11.477872
831,1007,15.67703
832,1008,13.087013
833,1009,10.845948
834,1010,12.08086
835,1011,8.5164995
836,1012,14.237012
837,1013,13.441033
838,1014,17.232683
839,1015,20.46705
840,1016,22.370485
841,1020,15.61269
842,1021,11.2623
843,1022,14.187328
844,1023,15.425456
845,1024,9.495819
846,1027,25.522316
847,1028,24.958048
848,1029,17.986721
849,1030,12.880581
850,1031,17.911518
851,1032,28.20785
852,1034,22.085789
853,1035,9.599527
854,1036,10.946866
855,1039,11.603116
856,1040,9.601825
857,1041,12.65858
858,1042,13.251683
859,1043,13.05799
860,1044,12.423196
861,1047,17.836996
862,1048,8.887581
863,1051,14.169524
864,1052,25.320347
865,1054,15.379293
866,1055,10.1081
867,1056,26.55806
868,1057,11.611495
869,1058,18.305964
870,1059,12.174276
871,1060,17.04129
872,1063,19.54984
873,1064,17.629076
874,1065,9.603894
875,1066,19.657265
876,1067,17.87751
877,1068,11.942593
878,1069,24.97979
879,1070,25.177828
880,1071,15.512404
881,1073,22.26792
882,1075,18.777325
883,1076,20.816591
884,1077,25.396732
885,1078,13.246542
886,1079,12.686223
887,1080,21.290155
888,1081,16.897379
889,1082,22.761522
890,1083,25.875864
891,1084,8.859222
892,1085,13.729337
893,1086,6.937189
894,1087,20.421719
895,1088,17.182789
896,1089,15.14426
897,1090,19.223148
898,1094,21.93569
899,1095,14.184472
900,1096,17.018969
901,1097,14.0824
902,1098,11.141458
903,1099,12.667728
904,1100,10.372125
905,1101,9.980212
906,1102,17.636967
907,1106,10.485447
908,1107,15.237257
909,1108,11.622454
910,1109,27.63483
911,1110,16.730852
912,1111,23.010502
913,1112,13.471753
914,1113,19.621534
915,1114,8.820877
916,1115,20.912384
917,1116,7.7567897
918,1117,12.810341
919,1118,14.547783
920,1119,19.839125
921,1120,22.214094
922,1121,8.876792
923,1122,7.841996
924,1123,14.66096
925,1124,26.647156
926,1125,23.901047
927,1126,9.837309
928,1127,9.762174
929,1129,25.129986
930,1130,13.029901
931,1131,25.00336
932,1132,10.339905
933,1133,9.342725
934,1134,15.894643
935,1135,17.782393
936,1136,19.48861
937,1137,16.345139
938,1138,10.185829
939,1139,10.966677
940,1140,18.412636
941,1141,20.890995
942,1142,12.783574
943,1143,14.179181
944,1144,7.826333
945,1145,19.6534
946,1146,16.154133
947,1147,19.257982
948,1148,17.089083
949,1149,12.688833
950,1150,11.740288
951,1151,10.248382
952,1152,7.4979315
953,1153,17.80192
954,1154,16.28254
955,1157,22.872711
956,1158,10.191046
957,1159,17.097507
958,1160,12.972261
959,1161,23.703224
960,1162,17.443396
961,1163,13.105819
962,1164,8.946882
963,1165,18.21922
964,1166,14.572709
965,1167,11.268012
966,1168,14.33939
967,1169,10.40232
968,1170,9.459331
969,1173,9.765602
970,1174,16.816397
971,1175,18.174524
972,1176,10.980578
973,1177,20.75342
974,1178,14.966503
975,1179,10.413507
976,1180,20.924162
977,1181,14.656302
978,1182,16.112135
979,1183,13.83806
980,1184,9.201319
981,1185,15.618849
982,1186,17.648136
983,1187,13.714324
984,1188,13.690169
985,1189,11.959197
986,1190,20.010828
987,1191,7.306605
988,1192,13.976097
989,1194,20.50976
990,1199,17.329666
991,1200,18.174524
992,1201,14.36702
993,1202,9.935446
994,1203,11.981985
995,1204,14.087227
996,1205,18.765537
997,1206,20.889084
998,1207,15.871277
999,1208,9.256838
1000,1209,9.511482
1001,1210,10.398336
1002,1211,20.426075
1003,1212,12.118811
1004,1213,25.049273
1005,1214,14.632547
1006,1215,14.340071
1007,1216,14.867373
1008,1217,18.330902
1009,1218,13.065323
1010,1220,9.916335
1011,1222,14.245971
1012,1223,16.64228
1013,1224,10.851608
1014,1225,27.575117
1015,1226,15.529946
1016,1227,25.717142
1017,1228,13.080582
1018,1229,15.6376
1019,1230,9.078562
1020,1232,17.975546
1021,1236,9.468282
1022,1237,10.262077
1023,1238,18.849712
1024,1239,19.898237
1025,1240,28.00369
1026,1243,22.663145
1027,1244,12.438577
1028,1245,23.53183
1029,1246,10.225012
1030,1247,16.426903
1031,1248,10.846587
1032,1250,14.674337
1033,1251,20.50832
1034,1252,9.388766
1035,1255,24.41089
1036,1256,12.565232
1037,1257,15.464585
1038,1258,14.390364
1039,1259,11.11483
1040,1260,21.051762
1041,1263,15.462667
1042,1264,20.524458
1043,1267,17.945923
1044,1268,14.686065
1045,1270,23.24198
1046,1271,11.422677
1047,1272,13.33865
1048,1273,9.36994
1049,1274,19.79284
1050,1275,15.920017
1051,1276,19.766384
1052,1279,21.93116
1053,1280,9.227846
1054,1281,10.604209
1055,1282,22.570192
1056,1283,11.03159
1057,1284,16.551157
1058,1285,9.098413
1059,1286,15.082673
1060,1287,18.199274
1061,1289,18.205465
1062,1290,13.804224
1063,1291,17.85537
1064,1292,10.073356
1065,1293,18.702038
1066,1294,14.726122
1067,1295,16.429409
1068,1296,20.811962
1069,1297,12.58422
1070,1298,11.260434
1071,1301,13.542123
1072,1302,20.096146
1073,1303,13.124075
1074,1304,15.46876
1075,1310,12.907684
1076,1313,14.238286
1077,1314,14.014287
1078,1315,8.64699
1079,1316,17.351429
1080,1322,24.597242
1081,1323,10.408026
1082,1325,9.607461
1083,1326,19.998121
1084,1327,9.862741
1085,1328,21.927895
1086,1331,11.05627
1087,1332,14.772612
1088,1333,13.959385
1089,1334,14.279191
1090,1335,22.770857
1091,1336,11.41709
1092,1337,12.903525
1093,1339,17.18759
1094,1340,14.642113
1095,1341,10.190116
1096,1343,14.701678
1097,1346,6.9767385
1098,1347,20.296398
1099,1348,14.499847
1100,1351,14.033666
1101,1352,16.211119
1102,1353,15.998525
1103,1354,9.300329
1104,1355,18.478235
1105,1356,12.50596
1106,1357,20.812506
1107,1358,10.324607
1108,1359,17.67452
1109,1360,21.614601
1110,1361,23.65503
1111,1363,15.983052
1112,1364,9.660026
1113,1365,13.70192
1114,1367,14.336542
1115,1368,16.72832
1116,1370,11.47154
1117,1373,11.427646
1118,1375,15.298768
1119,1376,20.606224
1120,1377,12.212961
1121,1379,11.009168
1122,1380,11.418827
1123,1381,11.730197
1124,1382,10.535169
1125,1383,10.762689
1126,1384,11.676425
1127,1385,16.613567
1128,1389,8.368032
1129,1391,13.672775
1130,1392,18.948635
1131,1394,20.900373
1132,1395,11.928656
1133,1396,11.490643
1134,1399,18.393373
1135,1400,11.879751
1136,1401,11.152647
1137,1403,12.21291
1138,1404,26.114075
1139,1405,8.424543
1140,1406,11.9127035
1141,1407,19.223148
1142,1408,16.766047
1143,1410,7.751602
1144,1415,8.149911
1145,1416,9.333001
1146,1417,21.140285
1147,1418,13.848112
1148,1419,7.102381
1149,1420,10.036372
1150,1421,14.245558
1151,1422,23.694479
1152,1423,12.618138
1153,1424,18.47262
1154,1425,18.891882
1155,1428,21.267551
1156,1429,11.334913
1157,1431,19.325167
1158,1432,13.8212805
1159,1433,16.948946
1160,1434,19.146385
1161,1435,17.737267
1162,1436,11.857051
1163,1437,12.9635935
1164,1438,25.809793
1165,1440,10.480104
1166,1442,13.205472
1167,1443,20.24248
1168,1444,21.07113
1169,1445,27.30767
1170,1446,20.460203
1171,1447,21.656841
1172,1451,19.20052
1173,1452,10.00755
1174,1453,19.153679
1175,1454,13.908043
1176,1455,15.93732
1177,1458,10.274931
1178,1459,12.076541
1179,1460,15.860773
1180,1462,14.792848
1181,1463,11.343069
1182,1466,9.132262
1183,1467,14.327678
1184,1470,14.549924
1185,1471,13.250349
1186,1474,21.499577
1187,1475,16.148487
1188,1478,15.264658
1189,1479,12.721662
1190,1482,10.522777
1191,1485,16.667273
1192,1486,18.344772
1193,1488,15.389688
1194,1491,25.279596
1195,1494,12.00727
1196,1495,17.886053
1197,1496,12.525123
1198,1498,16.637743
1199,1500,15.609922
1200,1502,24.978601
1201,1503,12.165724
1202,1506,23.221605
1203,1507,12.66961
1204,1509,11.264384
1205,1510,9.663967
1206,1511,15.321789
1207,1512,13.905248
1208,1513,9.917775
1209,1514,13.90384
1210,1515,19.052023
1211,1516,23.124887
1212,1517,12.754291
1213,1521,12.280916
1214,1522,10.648017
1215,1523,12.156937
1216,1524,21.661715
1217,1525,14.3719845
1218,1526,13.885408
1219,1527,12.021699
1220,1528,11.068785
1221,1529,16.018114
1222,1533,14.4522
1223,1534,12.397279
1224,1535,11.061162
1225,1536,11.674523
1226,1537,16.858206
1227,1538,9.062689
1228,1539,15.415808
1229,1540,18.09246
1230,1541,12.200874
1231,1542,10.70089
1232,1543,8.110052
1233,1544,16.935528
1234,1545,9.572601
1235,1546,13.634075
1236,1547,16.04924
1237,1548,19.143463
1238,1549,11.310175
1239,1550,9.037347
1240,1551,14.451666
1241,1552,13.92825
1242,1553,19.311537
1243,1554,13.031639
1244,1555,16.813385
1245,1556,7.4344234
1246,1557,12.8313265
1247,1558,17.502148
1248,1559,9.781017
1249,1560,16.326473
1250,1561,16.621246
1251,1562,17.15495
1252,1563,26.17994
1253,1564,12.783574
1254,1565,12.6143265
1255,1566,14.9353895
1256,1567,13.441677
1257,1568,8.70993
1258,1569,13.170575
1259,1570,14.009119
1260,1571,9.477149
1261,1572,9.533538
1262,1573,20.171385
1263,1574,13.826788
1264,1575,24.219772
1265,1576,20.053947
1266,1577,19.72584
1267,1578,16.448029
1268,1579,6.5132823
1269,1580,19.755621
1270,1581,21.932644
1271,1584,15.639797
1272,1585,11.514872
1273,1586,12.4316845
1274,1587,19.732317
1275,1588,9.816516
1276,1589,11.180946
1277,1590,19.252481
1278,1591,16.551157
1279,1592,9.983708
1280,1593,19.4386
1281,1594,12.049326
1282,1595,15.057083
1283,1596,12.788128
1284,1597,16.836052
1285,1600,11.854088
1286,1601,12.35836
1287,1602,12.143105
1288,1604,22.633457
1289,1605,10.386004
1290,1606,14.258898
1291,1607,12.863643
1292,1608,12.151387
1293,1609,13.869897
1294,1610,8.423852
1295,1611,15.4230585
1296,1612,22.613375
1297,1613,14.840336
1298,1614,12.112486
1299,1615,18.09246
1300,1616,13.121035
1301,1617,13.50126
1302,1618,11.080097
1303,1619,13.512879
1304,1621,22.041092
1305,1626,12.306373
1306,1627,13.533994
1307,1628,10.73109
1308,1629,13.028609
1309,1630,12.648779
1310,1631,14.814076
1311,1632,17.737253
1312,1633,19.400349
1313,1634,10.578811
1314,1635,9.298606
1315,1636,10.058225
1316,1637,9.040727
1317,1638,10.398817
1318,1639,15.712026
1319,1640,16.348328
1320,1641,17.23159
1321,1642,12.729321
1322,1643,8.609009
1323,1644,10.1664095
1324,1645,24.238152
1325,1646,21.477396
1326,1647,15.611577
1327,1648,10.202389
1328,1649,12.324607
1329,1650,11.677448
1330,1651,13.938234
1331,1652,10.843249
1332,1653,14.8877
1333,1654,13.954296
1334,1655,10.561214
1335,1656,12.4384
1336,1657,12.257091
1337,1658,19.832497
1338,1659,12.900917
1339,1663,15.4137
1340,1664,11.864235
1341,1665,21.733921
1342,1666,17.58245
1343,1667,14.249963
1344,1670,14.568231
1345,1671,18.607445
1346,1672,21.257086
1347,1673,12.444667
1348,1674,19.01528
1349,1675,14.894535
1350,1677,17.679144
1351,1678,12.752458
1352,1679,16.262585
1353,1682,17.919891
1354,1683,16.035896
1355,1684,25.781332
1356,1685,16.490988
1357,1686,16.12845
1358,1687,13.049091
1359,1690,12.388924
1360,1691,19.25929
1361,1694,27.49662
1362,1695,15.7417755
1363,1697,13.631224
1364,1698,12.164317
1365,1699,8.473899
1366,1700,15.692617
1367,1701,12.067683
1368,1702,10.5276
1369,1703,15.2559395
1370,1706,14.306552
1371,1707,13.24169
1372,1708,7.90367
1373,1709,12.333993
1374,1710,9.550185
1375,1711,17.295406
1376,1712,10.196893
1377,1713,19.860298
1378,1714,15.136519
1379,1716,18.262033
1380,1717,7.617617
1381,1718,10.889476
1382,1719,11.022942
1383,1720,10.872813
1384,1721,14.601172
1385,1722,11.305309
1386,1723,12.957327
1387,1724,17.57196
1388,1725,12.995888
1389,1726,11.678064
1390,1727,10.249458
1391,1728,14.234378
1392,1729,20.389017
1393,1730,15.095406
1394,1731,14.407105
1395,1733,10.05565
1396,1737,14.820372
1397,1738,13.729924
1398,1739,10.449507
1399,1740,12.729501
1400,1741,10.013699
1401,1742,22.74155
1402,1743,16.741777
1403,1744,10.713093
1404,1749,10.267632
1405,1750,10.457222
1406,1751,17.491003
1407,1752,12.310788
1408,1753,10.181352
1409,1754,16.252886
1410,1755,25.80305
1411,1757,9.312766
1412,1758,15.411549
1413,1759,17.022335
1414,1760,10.191405
1415,1761,21.636984
1416,1762,7.676711
1417,1763,17.35411
1418,1764,13.252389
1419,1765,25.576614
1420,1766,11.664532
1421,1767,12.790359
1422,1768,15.27926
1423,1769,11.267606
1424,1770,25.151989
1425,1771,18.727997
1426,1772,10.864058
1427,1773,17.713318
1428,1774,16.02725
1429,1775,12.37245
1430,1777,13.334792
1431,1778,14.982351
1432,1779,12.213831
1433,1780,13.299141
1434,1781,17.090612
1435,1782,17.569582
1436,1783,11.474521
1437,1784,21.92527
1438,1786,17.16781
1439,1787,12.230136
1440,1790,19.340635
1441,1791,8.287921
1442,1792,16.056728
1443,1793,13.294351
1444,1794,16.652086
1445,1795,18.813972
1446,1796,6.624205
1447,1799,17.090822
1448,1801,12.827924
1449,1802,18.876928
1450,1803,11.319577
1451,1804,13.757294
1452,1805,12.023317
1453,1806,8.814737
1454,1807,9.885768
1455,1808,13.702595
1456,1809,8.219296
1457,1810,13.46554
1458,1812,11.581317
1459,1815,15.356852
1460,1816,12.139917
1461,1817,20.35123
1462,1818,16.165642
1463,1819,10.717085
1464,1820,14.404606
1465,1821,9.968814
1466,1822,15.173993
1467,1823,18.921892
1468,1826,22.26842
1469,1827,15.29924
1470,1828,11.0293865
1471,1829,15.582015
1472,1830,18.13115
1473,1831,14.381751
1474,1832,7.77298
1475,1833,12.289928
1476,1834,18.579489
1477,1835,14.683203
1478,1836,11.000205
1479,1841,27.542885
1480,1842,16.356876
1481,1843,9.610349
1482,1845,24.233057
1483,1846,19.893972
1484,1847,14.374512
1485,1848,16.676392
1486,1849,11.997515
1487,1850,13.243888
1488,1851,21.099472
1489,1852,12.65675
1490,1853,14.346786
1491,1854,21.028555
1492,1855,10.178617
1493,1856,10.686465
1494,1857,19.66691
1495,1858,14.632402
1496,1859,9.380538
1497,1860,17.113594
1498,1861,21.728884
1499,1862,17.24613
1500,1863,13.223668
1501,1864,13.344391
1502,1865,11.458613
1503,1866,12.427047
1504,1867,13.54847
1505,1868,15.380798
1506,1869,11.7879305
1507,1870,16.899595
1508,1871,19.893835
1509,1872,17.448074
1510,1876,8.516323
1511,1878,13.183628
1512,1879,16.95453
1513,1880,8.243814
1514,1883,11.375362
1515,1884,12.684509
1516,1885,8.918003
1517,1886,14.781346
1518,1887,26.939636
1519,1889,13.39237
1520,1890,18.656134
1521,1891,19.075844
1522,1894,15.72644
1523,1895,12.307519
1524,1896,13.136528
1525,1900,10.034803
1526,1901,18.403418
1527,1904,20.382805
1528,1905,11.827671
1529,1907,12.935411
1530,1908,7.8472977
1531,1909,14.578226
1532,1911,27.838104
1533,1914,16.742168
1534,1915,12.375512
1535,1917,20.57335
1536,1918,21.884249
1537,1919,20.599543
1538,1920,9.426381
1539,1921,11.787854
1540,1922,16.116125
1541,1923,14.576296
1542,1924,20.885336
1543,1925,17.64862
1544,1926,27.0057
1545,1927,11.342376
1546,1928,8.550769
1547,1929,17.13324
1548,1930,9.170202
1549,1931,13.079885
1550,1932,7.6901865
1551,1933,9.784157
1552,1934,16.596739
1553,1935,16.216125
1554,1936,18.788734
1555,1937,12.833395
1556,1938,13.282902
1557,1939,8.04446
1558,1943,15.047488
1559,1944,19.825953
1560,1945,14.862451
1561,1946,15.618727
1562,1947,14.012212
1563,1948,22.663145
1564,1949,10.89804
1565,1951,14.475185
1566,1955,13.067048
1567,1956,13.136916
1568,1957,28.747541
1569,1958,27.10002
1570,1959,17.9752
1571,1960,18.941025
1572,1961,23.575886
1573,1964,21.699451
1574,1965,11.3667755
1575,1966,26.661922
1576,1967,15.429918
1577,1968,18.801712
1578,1969,12.507698
1579,1970,13.601414
1580,1971,14.6941185
1581,1972,14.470124
1582,1973,14.256798
1583,1974,9.93034
1584,1975,12.808151
1585,1976,17.770613
1586,1977,16.529083
1587,1978,14.976786
1588,1979,12.457189
1589,1980,18.722963
1590,1981,9.129525
1591,1982,10.114506
1592,1985,17.664766
1593,1987,10.079934
1594,1988,12.567982
1595,1989,9.64184
1596,1990,9.248506
1597,1991,14.721056
1598,1993,11.608916
1599,1994,27.135672
1600,1996,7.683704
1601,1997,19.879103
1602,1998,13.1285515
1603,1999,10.680928
1604,2000,20.57839
1605,2001,13.187718
1606,2002,15.166844
1607,2003,25.629635
1608,2006,11.890961
1609,2008,16.34352
1610,2009,11.556592
1611,2010,23.664597
1612,2011,10.112234
1613,2012,13.083538
1614,2013,25.717142
1615,2014,9.824819
1616,2015,18.181343
1617,2017,19.679298
1618,2019,11.86859
1619,2022,23.25163
1620,2023,23.163353
1621,2024,13.700942
1622,2025,21.763994
1623,2026,10.714938
1624,2027,11.706329
1625,2028,16.720407
1626,2029,11.043056
1627,2030,23.127493
1628,2033,15.347788
1629,2035,12.306934
1630,2036,11.08292
1631,2037,12.492568
1632,2038,15.720164
1633,2039,16.461512
1634,2041,14.920938
1635,2042,27.30767
1636,2047,26.503311
1637,2048,9.478505
1638,2049,14.643155
1639,2050,19.790318
1640,2051,12.369336
1641,2052,26.454573
1642,2053,14.749032
1643,2054,19.072447
1644,2055,6.6443734
1645,2056,15.233573
1646,2057,15.536139
1647,2058,20.37867
1648,2059,12.105427
1649,2060,15.85985
1650,2061,11.768247
1651,2062,18.05198
1652,2063,14.741815
1653,2064,14.053513
1654,2065,15.948365
1655,2066,18.225615
1656,2067,15.849705
1657,2068,17.723372
1658,2069,18.601032
1659,2070,21.028193
1660,2071,15.897599
1661,2072,12.221013
1662,2074,21.14263
1663,2075,7.834758
1664,2076,11.41709
1665,2077,20.472977
1666,2078,11.290451
1667,2079,15.704825
1668,2080,18.869514
1669,2085,15.816386
1670,2086,15.730458
1671,2087,10.157268
1672,2088,15.8813715
1673,2091,13.354266
1674,2092,17.087973
1675,2093,15.968539
1676,2094,10.3230715
1677,2095,8.679549
1678,2096,15.40457
1679,2097,18.764334
1680,2098,17.756594
1681,2099,16.489708
1682,2100,20.592535
1683,2103,14.073303
1684,2104,7.4898357
1685,2105,19.424498
1686,2107,17.575886
1687,2108,14.192851
1688,2111,6.8645244
1689,2112,13.18624
1690,2114,12.611352
1691,2115,14.990225
1692,2116,16.673124
1693,2117,10.025483
1694,2118,15.689478
1695,2119,13.002405
1696,2121,10.2426195
1697,2122,22.124475
1698,2125,23.027002
1699,2126,16.663795
1700,2128,16.680676
1701,2129,17.97527
1702,2130,16.037762
1703,2131,18.462826
1704,2132,18.323957
1705,2133,10.460836
1706,2134,15.264221
1707,2135,8.347635
1708,2136,12.513997
1709,2137,12.831183
1710,2138,13.692163
1711,2139,21.359991
1712,2355,15.690951
1713,2356,13.951069
1714,2357,13.211956
1715,2358,12.048626
1716,2359,29.9103
1717,2360,11.4887495
1718,2361,9.136073
1719,2362,11.943441
1720,2363,17.714605
1721,2364,12.484624
1722,2365,13.431294
1723,2366,13.982311
1724,2370,12.545672
1725,2371,13.335036
1726,2372,17.97527
1727,2374,14.491137
1728,2376,15.875731
1729,2377,10.043046
1730,2378,17.568365
1731,2382,15.879937
1732,2383,9.765325
1733,2384,14.496781
1734,2385,14.521534
1735,2386,22.190937
1736,2387,13.078673
1737,2388,14.027494
1738,2389,13.298798
1739,2390,10.46058
1740,2391,21.330544
1741,2392,16.392382
1742,2393,22.318537
1743,2394,20.048563
1744,2395,18.90217
1745,2396,17.473837
1746,2397,13.179741
1747,2398,10.242653
1748,2399,7.987311
1749,2400,22.057117
1750,2401,15.293005
1751,2402,12.875134
1752,2403,17.119823
1753,2404,9.33078
1754,2405,7.220203
1755,2406,20.421463
1756,2407,18.725826
1757,2408,11.608295
1758,2409,22.486084
1759,2410,13.849304
1760,2411,17.364752
1761,2412,15.370854
1762,2413,14.438178
1763,2414,14.337393
1764,2415,16.230627
1765,2416,20.740276
1766,2417,16.949938
1767,2418,16.45956
1768,2419,22.797083
1769,2420,28.909567
1770,2421,11.382498
1771,2422,27.394938
1772,2423,23.32957
1773,2424,20.946949
1774,2425,14.653564
1775,2426,12.416159
1776,2427,18.775827
1777,2428,14.542465
1778,2429,17.181797
1779,2430,18.55347
1780,2433,25.503675
1781,2434,14.799651
1782,2435,17.25761
1783,2436,15.359204
1784,2437,9.292439
1785,2438,22.108942
1786,2439,16.623047
1787,2441,13.024121
1788,2442,11.868718
1789,2443,9.331933
1790,2444,13.828603
1791,2445,10.542155
1792,2446,10.295176
1793,2449,14.506918
1794,2450,13.864907
1795,2451,21.343397
1796,2452,20.268332
1797,2453,15.1065855
1798,2454,13.670355
1799,2455,13.802095
1800,2456,7.271634
1801,2457,18.77482
1802,2458,18.392971
1803,2459,10.342944
1804,2460,13.913001
1805,2461,14.61222
1806,2462,11.604537
1807,2463,12.413078
1808,2464,16.29299
1809,2465,13.722828
1810,2466,13.074327
1811,2467,13.080288
1812,2468,10.567045
1813,2469,13.199178
1814,2470,23.61217
1815,2475,22.028875
1816,2476,12.073678
1817,2477,16.074562
1818,2478,12.871988
1819,2479,17.901295
1820,2480,20.425646
1821,2481,13.746942
1822,2482,23.633673
1823,2483,13.769776
1824,2484,9.973035
1825,2486,10.891053
1826,2487,24.88731
1827,2488,20.028786
1828,2489,9.075956
1829,2490,12.834535
1830,2491,12.5186405
1831,2492,7.9491453
1832,2493,8.660069
1833,2494,19.935879
1834,2495,11.316061
1835,2496,9.0079365
1836,2497,12.157743
1837,2498,13.376387
1838,2499,11.984329
1839,2500,11.317542
1840,2501,18.42827
1841,2502,13.778152
1842,2503,11.719759
1843,2504,20.368484
1844,2505,7.8137293
1845,2506,11.752281
1846,2507,15.076296
1847,2508,14.117024
1848,2512,8.860476
1849,2513,11.599998
1850,2514,18.80002
1851,2515,18.398922
1852,2516,17.031885
1853,2519,14.833014
1854,2520,12.073678
1855,2521,11.438004
1856,2522,11.761414
1857,2523,10.156121
1858,2524,10.037494
1859,2525,10.751629
1860,2526,18.124128
1861,2529,9.728344
1862,2530,19.01528
1863,2531,10.384302
1864,2532,11.559754
1865,2533,25.158556
1866,2534,12.894122
1867,2537,18.024563
1868,2538,12.663252
1869,2541,14.148159
1870,2542,10.644717
1871,2543,10.836569
1872,2544,9.961753
1873,2545,7.2331996
1874,2546,15.8543625
1875,2549,15.132108
1876,2550,13.438194
1877,2551,14.527002
1878,2552,19.117908
1879,2553,12.793072
1880,2554,27.902596
1881,2555,7.8209705
1882,2556,12.286971
1883,2558,18.445295
1884,2560,14.982804
1885,2561,12.05015
1886,2562,21.221727
1887,2563,15.7180805
1888,2564,8.877821
1889,2565,19.42189
1890,2566,28.407764
1891,2567,20.141666
1892,2568,20.948921
1893,2569,20.171387
1894,2570,12.543881
1895,2571,18.483852
1896,2572,21.210955
1897,2573,14.538022
1898,2574,14.305725
1899,2579,22.214094
1900,2581,18.591446
1901,2583,16.02725
1902,2584,12.889793
1903,2585,10.538814
1904,2586,11.751384
1905,2591,17.124655
1906,2593,9.11459
1907,2594,19.932983
1908,2595,9.513189
1909,2596,13.911111
1910,2597,10.724337
1911,2598,14.225119
1912,2600,27.107199
1913,2601,13.693083
1914,2602,14.826186
1915,2603,11.108077
1916,2604,9.255447
1917,2605,10.964961
1918,2606,18.312485
1919,2607,14.405139
1920,2608,12.269147
1921,2609,10.724874
1922,2610,16.787205
1923,2611,15.871411
1924,2612,9.951378
1925,2613,27.01033
1926,2614,15.377394
1927,2615,13.865708
1928,2616,15.001045
1929,2617,13.269077
1930,2618,8.493224
1931,2619,12.541444
1932,2620,14.128722
1933,2621,18.360142
1934,2622,25.255651
1935,2623,9.670239
1936,2624,12.94941
1937,2625,11.733742
1938,2626,12.572706
1939,2627,14.2656975
1940,2628,8.544018
1941,2629,15.117538
1942,2630,14.012259
1943,2631,10.304348
1944,2632,20.204863
1945,2633,11.2953
1946,2634,24.733675
1947,2635,22.963472
1948,2636,18.951088
1949,2637,17.000261
1950,2638,9.170894
1951,2639,9.39265
1952,2642,18.398943
1953,2643,19.214167
1954,2644,10.386483
1955,2645,13.487552
1956,2646,10.997729
1957,2647,9.460316
1958,2648,23.994362
1959,2649,14.388718
1960,2652,15.009107
1961,2653,16.17908
1962,2654,15.920017
1963,2655,11.693876
1964,2658,10.292348
1965,2660,22.963472
1966,2661,19.12897
1967,2662,15.07599
1968,2663,14.947909
1969,2664,15.53621
1970,2665,12.894911
1971,2668,16.211592
1972,2669,12.151121
1973,2671,16.759012
1974,2672,8.101598
1975,2673,13.093601
1976,2674,11.217469
1977,2675,12.788051
1978,2676,9.736219
1979,2677,24.759867
1980,2678,12.720273
1981,2679,12.20768
1982,2684,12.771632
1983,2685,14.329031
1984,2687,7.12345
1985,2688,9.13381
1986,2689,9.728465
1987,2690,12.673831
1988,2691,11.382557
1989,2692,19.463554
1990,2693,11.739208
1991,2695,10.435468
1992,2696,17.590616
1993,2697,13.217511
1994,2700,13.856773
1995,2701,8.594311
1996,2703,16.814392
1997,2704,8.119784
1998,2705,8.231468
1999,2706,14.098661
2000,2707,14.199431
2001,2712,10.234734
2002,2713,12.703575
2003,2714,14.198018
2004,2715,13.938234
2005,2716,20.594292
2006,2717,8.693589
2007,2721,14.452345
2008,2722,12.430662
2009,2723,13.938124
2010,2724,24.397923
2011,2725,23.25163
2012,2728,16.508686
2013,2729,10.822544
2014,2730,20.87752
2015,2731,11.340037
2016,2733,11.536418
2017,2734,20.719313
2018,2735,19.771542
2019,2738,13.722818
2020,2739,21.306946
2021,2740,12.176715
2022,2741,23.108273
2023,2742,17.049028
2024,2743,8.98803
2025,2746,19.597828
2026,2747,16.669573
2027,2750,8.627042
2028,2752,21.412252
2029,2753,14.161895
2030,2754,28.551489
2031,2757,26.028603
2032,2758,13.966109
2033,2759,18.004522
2034,2760,15.613882
2035,2761,20.212814
2036,2763,17.737253
2037,2764,23.829565
2038,2766,16.364578
2039,2767,11.073605
2040,2768,19.614523
2041,2769,10.167061
2042,2770,21.684834
2043,2771,8.224275
2044,2772,9.073033
2045,2773,12.093978
2046,2774,22.43122
2047,2775,24.044836
2048,2776,12.764959
2049,2777,17.483366
2050,2778,11.060959
2051,2779,10.891964
2052,2780,19.585846
2053,2781,24.999857
2054,2782,14.780507
2055,2783,14.211014
2056,2784,10.284651
2057,2785,13.48479
2058,2786,15.048228
2059,2787,29.042738
2060,2788,19.409319
2061,2789,13.533226
2062,2790,12.992014
2063,2791,19.772408
2064,2792,15.121812
2065,2793,13.035511
2066,2794,17.326277
2067,2795,16.740246
2068,2796,7.9572663
2069,2797,9.532031
2070,2798,8.926239
2071,2799,7.832963
2072,2800,12.92109
2073,2801,20.574257
2074,2802,13.101896
2075,2804,16.892885
2076,2805,13.351503
2077,2806,17.590681
2078,2807,7.747414
2079,2808,11.608926
2080,2809,15.098745
2081,2810,12.247439
2082,2811,16.561749
2083,2812,5.9204736
2084,2813,20.738962
2085,2814,16.386389
2086,2815,16.28417
2087,2816,21.116188
2088,2817,10.950578
2089,2818,15.83614
2090,2820,13.358889
2091,2821,7.1074214
2092,2822,16.62957
2093,2823,10.540634
2094,2824,12.142724
2095,2825,7.5546393
2096,2826,17.340967
2097,2827,14.10096
2098,2828,16.569624
2099,2829,11.341668
2100,2830,13.922008
2101,2831,18.25823
2102,2832,16.612274
2103,2833,16.288527
2104,2834,17.28163
2105,2835,11.740884
2106,2836,10.062906
2107,2837,11.104877
2108,2838,20.624763
2109,2839,10.214823
2110,2840,15.3350725
2111,2841,11.622413
2112,2842,21.734144
2113,2843,13.660365
2114,2844,13.211562
2115,2845,10.3094015
2116,2846,7.6744537
2117,2847,20.386683
2118,2848,21.43887
2119,2849,14.473282
2120,2850,15.426353
2121,2851,13.74163
2122,2852,11.231467
2123,2853,8.697213
2124,2854,11.470496
2125,2855,16.67321
2126,2856,20.88115
2127,2857,16.509386
2128,2858,9.715712
2129,2859,11.540585
2130,2860,16.495693
2131,2861,8.429989
2132,2864,10.677077
2133,2865,13.517661
2134,2866,14.575014
2135,2867,11.994688
2136,2870,12.67891
2137,2871,16.285126
2138,2872,15.618331
2139,2873,11.311005
2140,2876,19.971085
2141,2877,15.2326
2142,2878,10.539206
2143,2879,14.89417
2144,2882,8.259518
2145,2883,12.15576
2146,2884,17.85975
2147,2885,7.3806186
2148,2888,12.694632
2149,2889,12.991544
2150,2890,11.721491
2151,2891,20.503052
2152,2892,10.063312
2153,2893,18.75288
2154,2894,16.123615
2155,2895,14.541292
2156,2896,16.452616
2157,2897,9.379986
2158,2898,16.745457
2159,2899,10.226867
2160,2900,13.944961
2161,2901,20.126028
2162,2902,10.5778885
2163,2903,11.499625
2164,2904,14.113851
2165,2905,22.952227
2166,2906,12.465278
2167,2907,10.969279
2168,2908,16.868383
2169,2909,14.732132
2170,2910,19.146385
2171,2911,14.178095
2172,2912,23.5442
2173,2913,10.860203
2174,2915,9.129265
2175,2916,9.487285
2176,2917,28.363447
2177,2918,8.862718
2178,2919,15.73834
2179,2920,12.117432
2180,2921,12.874605
2181,2922,22.286484
2182,2923,19.313108
2183,2924,17.41103
2184,2925,19.140265
2185,2926,19.08384
2186,2927,11.996612
2187,2928,21.063639
2188,2929,16.509386
2189,2930,15.937
2190,2931,11.926627
2191,2932,11.574269
2192,2933,9.199309
2193,2934,26.814259
2194,2935,10.44932
2195,2936,12.92727
2196,2937,13.5016985
2197,2938,12.818164
2198,2939,17.613338
2199,2940,9.912305
2200,2941,24.181402
2201,2942,13.133802
2202,2943,20.346111
2203,2944,14.049553
2204,2945,20.524458
2205,2946,14.716362
2206,2947,13.399713
2207,2948,14.275285
2208,2949,12.702476
2209,2950,11.437867
2210,2951,13.563647
2211,2952,18.007277
2212,2953,24.161392
2213,2954,12.977061
2214,2955,16.920727
2215,2956,11.9014845
2216,2957,11.569025
2217,2958,13.607735
2218,2959,19.772312
2219,2960,17.160744
2220,2961,8.857411
2221,2962,18.661215
2222,2963,13.630896
2223,2964,16.04768
2224,2965,19.373232
2225,2966,12.981436
2226,2967,10.48549
2227,2968,21.276169
2228,2969,12.111375
2229,2970,12.259861
2230,2971,11.235101
2231,2972,18.823242
2232,2973,11.821871
2233,2974,24.968046
2234,2975,22.902058
2235,2976,11.137477
2236,2977,20.497648
2237,2978,10.562869
2238,2979,12.619093
2239,2980,12.153759
2240,2981,11.964173
2241,2982,10.08143
2242,2983,19.164257
2243,2984,15.5247965
2244,2985,13.050309
2245,2986,12.637566
2246,2987,16.613714
2247,2988,15.5247965
2248,2989,13.816009
2249,2990,11.792739
2250,2991,14.826962
2251,2992,10.587865
2252,2993,13.498357
2253,2994,11.766233
2254,2995,11.378048
2255,2996,17.663185
2256,2997,15.677231
2257,2998,18.257496
2258,2999,13.228083
2259,3000,11.635887
2260,3001,15.1169815
2261,3002,10.485813
2262,3003,11.928881
2263,3004,20.064816
2264,3005,18.204098
2265,3006,21.185751
2266,3007,18.875265
2267,3008,13.873261
2268,3009,19.510315
2269,3010,13.179741
2270,3011,12.619808
2271,3013,9.185298
2272,3014,15.597
2273,3015,18.830694
2274,3016,20.9897
2275,3017,14.138572
2276,3018,19.255642
2277,3019,15.7129345
2278,3020,11.814756
2279,3021,17.237547
2280,3022,17.791527
2281,3023,15.339917
2282,3024,11.487725
2283,3025,14.960776
2284,3026,15.825396
2285,3027,18.661215
2286,3028,10.189009
2287,3029,11.611483
2288,3030,18.978197
2289,3031,15.174778
2290,3032,10.813133
2291,3033,18.922516
2292,3034,14.88473
2293,3035,21.927671
2294,3036,24.738365
2295,3037,10.315941
2296,3038,12.962953
2297,3039,19.2601
2298,3040,20.028786
2299,3041,12.312309
2300,3042,12.783351
2301,3043,17.971828
2302,3044,18.32849
2303,3045,15.134309
2304,3046,9.23467
2305,3047,16.492666
2306,3048,26.657675
2307,3049,13.260873
2308,3051,17.807064
2309,3052,13.982885
2310,3053,18.281607
2311,3054,13.409732
2312,3055,16.638718
2313,3057,18.561846
2314,3058,20.277119
2315,3059,12.784707
2316,3060,17.33215
2317,3061,20.375206
2318,3062,13.175726
2319,3063,19.05335
2320,3064,28.441593
2321,3065,14.322771
2322,3066,21.267118
2323,3067,16.340002
2324,3068,26.622055
2325,3069,7.745459
2326,3070,11.19561
2327,3073,12.93228
2328,3074,17.418465
2329,3075,11.702111
2330,3076,12.277879
2331,3078,9.199022
2332,3079,25.576614
2333,3080,14.062024
2334,3081,11.351659
2335,3082,19.843462
2336,3083,15.916192
2337,3084,14.066993
2338,3086,22.652779
2339,3087,9.31632
2340,3088,10.891157
2341,3089,14.279119
2342,3090,13.535351
2343,3091,10.86979
2344,3092,16.476042
2345,3093,12.20486
2346,3094,12.548322
2347,3095,13.4498005
2348,3096,15.666647
2349,3097,6.440227
2350,3098,12.914321
2351,3100,14.042721
2352,3101,14.739065
2353,3102,21.136312
2354,3103,7.6747346
2355,3104,13.415635
2356,3105,23.342535
2357,3106,18.583149
2358,3107,9.391378
2359,3108,15.368169
2360,3109,10.0117855
2361,3111,11.3631935
2362,3112,16.450277
2363,3113,11.24682
2364,3114,20.289047
2365,3115,11.36094
2366,3117,13.061878
2367,3119,13.994742
2368,3120,12.311712
2369,3121,10.459901
2370,3122,21.899225
2371,3123,18.206455
2372,3124,17.267391
2373,3125,22.67177
2374,3127,11.61935
2375,3128,21.640865
2376,3129,9.054675
2377,3130,20.050474
2378,3132,21.572628
2379,3133,8.566372
2380,3134,12.291147
2381,3135,12.169403
2382,3136,13.404666
2383,3138,11.522314
2384,3139,12.872977
2385,3140,14.847386
2386,3141,19.699224
2387,3142,22.00395
2388,3143,20.230085
2389,3144,8.543815
2390,3145,13.504282
2391,3146,16.9307
2392,3147,20.591219
2393,3148,9.864649
2394,3149,29.55431
2395,3150,18.532524
2396,3151,15.839464
2397,3152,9.542317
2398,3153,18.454279
2399,3154,12.247751
2400,3155,14.382303
2401,3156,11.472719
2402,3157,19.769459
2403,3158,10.178264
2404,3159,19.486908
2405,3160,20.172508
2406,3161,10.220025
2407,3162,15.1956
2408,3163,11.633526
2409,3164,11.787428
2410,3165,14.035703
2411,3166,12.760777
2412,3167,11.528664
2413,3168,10.614176
2414,3169,23.47359
2415,3170,8.990495
2416,3171,8.546489
2417,3172,11.342476
2418,3173,7.4143543
2419,3174,10.001299
2420,3175,16.7945
2421,3176,15.301158
2422,3177,14.483922
2423,3178,14.804
2424,3179,10.359656
2425,3180,11.819619
2426,3181,11.677532
2427,3182,10.095009
2428,3183,13.819138
2429,3184,11.104191
2430,3185,12.6143265
2431,3186,17.026348
2432,3187,12.110724
2433,3188,9.600341
2434,3189,11.457008
2435,3190,17.820301
2436,3191,16.550358
2437,3192,19.796589
2438,3193,16.720293
2439,3194,11.443509
2440,3195,11.484627
2441,3196,13.1418915
2442,3197,17.360031
2443,3198,13.385975
2444,3199,11.563395
2445,3200,12.373791
2446,3201,18.046509
2447,3202,6.5669227
2448,3203,11.236864
2449,3205,11.074314
2450,3206,9.147213
2451,3207,10.79133
2452,3208,15.598821
2453,3209,13.159069
2454,3210,14.985654
2455,3211,13.454281
2456,3212,8.419234
2457,3214,12.894922
2458,3215,11.54576
2459,3218,16.350086
2460,3219,13.26852
2461,3220,17.253696
2462,3221,18.237003
2463,3222,15.078132
2464,3223,12.928703
2465,3224,17.191786
2466,3225,16.2284
2467,3226,15.034599
2468,3227,18.213661
2469,3230,16.02092
2470,3231,11.793089
2471,3232,16.381985
2472,3233,16.022398
2473,3234,10.167693
2474,3235,10.3682785
2475,3236,22.49616
2476,3237,14.790253
2477,3238,16.911596
2478,3239,8.51128
2479,3242,21.207434
2480,3243,24.63564
2481,3244,17.891407
2482,3245,17.216747
2483,3246,12.536992
2484,3247,14.158908
2485,3248,13.201988
2486,3249,11.298585
2487,3250,14.05956
2488,3251,25.58775
2489,3254,17.2016
2490,3255,11.787428
2491,3256,10.46616
2492,3257,18.063787
2493,3258,13.282998
2494,3259,22.155825
2495,3260,15.175089
2496,3262,23.401382
2497,3263,22.421417
2498,3264,18.98666
2499,3265,8.945558
2500,3266,15.173093
2501,3267,17.110231
2502,3268,14.8828745
2503,3269,13.524843
2504,3270,14.098081
2505,3271,8.756151
2506,3272,16.298134
2507,3273,17.69676
2508,3274,14.642503
2509,3275,10.905745
2510,3276,28.625399
2511,3277,9.548906
2512,3278,15.3382435
2513,3279,12.022436
2514,3280,16.011143
2515,3281,13.368594
2516,3282,13.110845
2517,3283,16.538664
2518,3284,9.037362
2519,3285,10.60284
2520,3286,26.063034
2521,3287,17.660517
2522,3288,22.710823
2523,3289,16.848612
2524,3290,13.543204
2525,3291,29.55431
2526,3292,21.499577
2527,3293,14.276487
2528,3294,16.827673
2529,3295,10.7441845
2530,3296,15.401204
2531,3297,14.601021
2532,3298,13.910542
2533,3299,11.768389
2534,3300,26.866158
2535,3301,10.379642
2536,3302,14.565066
2537,3303,9.476354
2538,3304,10.082423
2539,3305,18.356136
2540,3306,10.261103
2541,3307,13.103707
2542,3308,19.020813
2543,3309,14.523776
2544,3310,12.933236
2545,3311,15.424652
2546,3312,17.742813
2547,3313,17.70931
2548,3314,18.636864
2549,3315,15.3626375
2550,3316,16.99965
2551,3317,15.003064
2552,3318,12.852867
2553,3319,16.988802
2554,3320,14.76522
2555,3321,13.914683
2556,3322,16.56303
2557,3323,17.026348
2558,3324,12.63521
2559,3325,7.2577147
2560,3326,13.598493
2561,3327,8.298071
2562,3328,16.06103
2563,3329,19.603588
2564,3330,16.682451
2565,3331,11.966791
2566,3332,13.3044195
2567,3333,16.360258
2568,3334,11.132604
2569,3335,9.101691
2570,3336,8.230909
2571,3337,10.143898
2572,3338,15.494392
2573,3339,16.881578
2574,3340,19.66517
2575,3341,8.2449875
2576,3342,12.87112
2577,3343,12.3033285
2578,3344,24.613977
2579,3345,10.49347
2580,3346,17.201294
2581,3347,13.193826
2582,3348,13.82122
2583,3349,17.359758
2584,3350,14.568188
2585,3351,14.336294
2586,3352,11.480514
2587,3353,6.49927
2588,3354,13.743627
2589,3355,16.800161
2590,3356,10.497605
2591,3357,19.505774
2592,3358,11.318606
2593,3359,15.163888
2594,3360,9.940004
2595,3361,17.107523
2596,3362,15.8172245
2597,3363,22.050798
2598,3364,14.428677
2599,3365,8.831606
2600,3366,12.651676
2601,3367,22.938465
2602,3368,14.090978
2603,3369,20.375206
2604,3370,16.58447
2605,3371,16.220737
2606,3372,12.692212
2607,3373,11.625654
2608,3374,9.060228
2609,3375,14.428703
2610,3376,20.2127
2611,3377,10.06665
2612,3378,10.373549
2613,3379,12.110676
2614,3380,21.169384
2615,3381,12.179059
2616,3382,24.116045
2617,3383,14.540819
2618,3384,15.864722
2619,3385,12.18497
2620,3386,17.636967
2621,3387,12.901941
2622,3388,17.925507
2623,3389,24.228683
2624,3390,12.990042
2625,3391,8.34809
2626,3392,25.454632
2627,3393,26.002165
2628,3394,16.911161
2629,3395,11.358511
2630,3396,20.520233
2631,3397,12.913854
2632,3398,19.884909
2633,3399,7.0954227
2634,3400,12.688349
2635,3401,14.609329
2636,3402,15.399142
2637,3403,14.237461
2638,3404,16.363611
2639,3405,13.461579
2640,3406,13.242506
2641,3407,24.864708
2642,3408,13.224927
2643,3409,11.687411
2644,3410,21.661497
2645,3411,10.590954
2646,3412,21.603111
2647,3413,15.133375
2648,3414,17.722416
2649,3415,16.550632
2650,3416,16.48
2651,3417,17.1018
2652,3418,11.935593
2653,3419,12.424816
2654,3420,16.251982
2655,3421,18.427944
2656,3422,12.261349
2657,3423,12.860445
2658,3424,17.29524
2659,3425,15.618849
2660,3426,14.64134
2661,3427,16.814392
2662,3428,21.690899
2663,3429,21.734144
2664,3430,21.640865
2665,3431,9.734299
2666,3432,11.736969
2667,3433,15.511181
2668,3434,16.753061
2669,3435,16.963652
2670,3436,19.127789
2671,3437,22.754248
2672,3438,14.553844
2673,3439,22.260033
2674,3440,12.044324
2675,3441,7.4316006
2676,3442,15.117159
2677,3443,13.883033
2678,3444,24.743263
2679,3445,14.632754
2680,3447,18.983706
2681,3448,7.7832146
2682,3449,14.022875
2683,3450,10.755469
2684,3451,10.354227
2685,3452,9.798328
2686,3453,14.619934
2687,3454,8.480129
2688,3455,16.091846
2689,3456,17.16488
2690,3457,17.20248
2691,3458,19.785095
2692,3459,14.5490465
2693,3460,10.3218155
2694,3461,17.144268
2695,3462,18.480858
2696,3463,13.226593
2697,3464,16.30643
2698,3465,12.5917425
2699,3466,17.30066
2700,3467,14.036986
2701,3468,13.756616
2702,3469,10.27843
2703,3470,24.978468
2704,3471,18.581573
2705,3472,19.590164
2706,3473,19.611885
2707,3474,24.46129
2708,3475,24.058622
2709,3476,19.236694
2710,3477,12.108944
2711,3478,22.41266
2712,3479,12.619808
2713,3480,12.060853
2714,3481,10.640073
2715,3482,12.01468
2716,3483,15.3874235
2717,3484,14.217676
2718,3485,12.984862
2719,3486,13.941426
2720,3487,20.498304
2721,3488,12.140138
2722,3489,14.72911
2723,3490,10.961315
2724,3491,10.448533
2725,3492,14.791426
2726,3493,19.610466
2727,3494,16.650229
2728,3495,21.135693
2729,3496,14.500709
2730,3497,13.854607
2731,3498,8.966051
2732,3499,14.858034
2733,3500,20.37867
2734,3501,9.628281
2735,3502,18.641258
2736,3503,12.726114
2737,3504,14.095433
2738,3505,7.8583827
2739,3506,12.932031
2740,3507,14.156532
2741,3508,11.274373
2742,3509,10.438331
2743,3510,11.529084
2744,3511,13.964216
2745,3512,21.745783
2746,3513,11.417261
2747,3514,10.3422165
2748,3515,19.556864
2749,3516,13.597274
2750,3517,16.454876
2751,3518,16.324888
2752,3519,12.599581
2753,3520,13.014278
2754,3521,15.442653
2755,3523,19.575853
2756,3524,11.199783
2757,3525,12.086865
2758,3526,11.136687
2759,3527,14.845612
2760,3528,16.032753
2761,3529,14.599435
2762,3530,22.448605
2763,3531,9.982257
2764,3532,7.9585724
2765,3533,13.621375
2766,3534,9.840902
2767,3535,9.3269
2768,3536,10.214823
2769,3537,12.1982975
2770,3538,11.361326
2771,3539,20.088573
2772,3540,13.245251
2773,3541,14.234585
2774,3542,10.005829
2775,3543,18.556808
2776,3544,10.982925
2777,3545,15.828974
2778,3546,10.965294
2779,3547,13.487605
2780,3548,8.794793
2781,3549,17.9752
2782,3550,20.303095
2783,3551,15.7535515
2784,3552,17.03492
2785,3553,15.346663
2786,3554,15.860951
2787,3555,20.671377
2788,3556,24.948729
2789,3557,22.432673
2790,3558,15.359204
2791,3559,12.967317
2792,3560,8.640164
2793,3562,13.702022
2794,3563,20.149445
2795,3564,14.042646
2796,3565,19.224977
2797,3566,15.529946
2798,3567,14.667742
2799,3568,18.978197
2800,3569,17.471243
2801,3570,9.627027
2802,3571,11.960703
2803,3572,13.625046
2804,3573,14.503947
2805,3574,10.048081
2806,3575,9.779597
2807,3576,9.956378
2808,3577,10.327288
2809,3578,17.991615
2810,3579,14.308488
2811,3580,16.820213
2812,3581,11.761039
2813,3582,15.906629
2814,3583,15.9429035
2815,3584,15.202724
2816,3585,17.88041
2817,3586,11.117351
2818,3587,17.991615
2819,3588,14.982804
2820,3589,24.851646
2821,3590,7.3721447
2822,3591,10.428903
2823,3592,24.101429
2824,3593,9.7328
2825,3594,10.709899
2826,3595,14.775698
2827,3596,11.148817
2828,3597,18.192902
2829,3598,15.483004
2830,3599,19.915442
2831,3601,16.715544
2832,3602,11.130996
2833,3603,16.102146
2834,3604,14.740107
2835,3605,14.788479
2836,3606,23.55405
2837,3607,8.734248
2838,3608,18.730661
2839,3609,10.580436
2840,3610,12.854267
2841,3611,21.350264
2842,3612,10.315117
2843,3613,24.552591
2844,3614,16.52982
2845,3615,17.388443
2846,3616,17.33422
2847,3617,12.266703
2848,3618,7.8743644
2849,3619,15.468036
2850,3620,11.376214
2851,3621,10.7944145
2852,3622,8.676111
2853,3623,27.299555
2854,3624,12.163066
2855,3625,16.938862
2856,3626,25.80305
2857,3627,13.24312
2858,3628,18.755823
2859,3629,20.885336
2860,3630,21.32888
2861,3631,16.792524
2862,3632,15.18698
2863,3633,15.5725765
2864,3634,11.470359
2865,3635,13.643359
2866,3636,12.041001
2867,3637,11.388373
2868,3638,16.9776
2869,3639,13.601414
2870,3640,14.102672
2871,3641,12.639749
2872,3642,10.591787
2873,3643,15.866202
2874,3644,7.2142177
2875,3645,12.608977
2876,3646,17.126083
2877,3647,15.906458
2878,3648,19.371695
2879,3649,24.142561
2880,3650,20.255686
2881,3651,16.753489
2882,3652,26.04082
2883,3653,25.944159
2884,3654,21.660679
2885,3655,9.962824
2886,3656,11.490073
2887,3657,14.619341
2888,3658,15.955623
2889,3659,11.658756
2890,3660,13.273079
2891,3661,12.600429
2892,3662,11.371638
2893,3663,17.98888
2894,3664,22.912142
2895,3665,20.521782
2896,3666,15.473329
2897,3667,16.341644
2898,3668,12.087181
2899,3669,16.12361
2900,3670,8.153004
2901,3671,11.724042
2902,3672,19.262989
2903,3673,14.711338
2904,3674,13.140089
2905,3675,10.9687
2906,3676,13.108489
2907,3677,17.865576
2908,3678,27.543447
2909,3679,15.963333
2910,3680,12.759099
2911,3681,11.208744
2912,3682,8.546796
2913,3683,14.123386
2914,3684,17.66899
2915,3685,22.599304
2916,3686,12.0748625
2917,3687,16.26024
2918,3688,17.434582
2919,3689,17.048756
2920,3690,14.456044
2921,3691,11.845258
2922,3692,24.510643
2923,3693,22.76633
2924,3694,10.233926
2925,3695,7.8700094
2926,3696,23.577187
2927,3697,24.341713
2928,3698,19.893976
2929,3699,16.92328
2930,3700,18.33948
2931,3701,20.298143
2932,3702,9.077189
2933,3703,9.972218
2934,3704,11.314217
2935,3706,18.484837
2936,3707,12.2417755
2937,3708,15.5713215
2938,3709,12.414077
2939,3710,11.311503
2940,3711,27.803457
2941,3712,12.484003
2942,3713,12.0509615
2943,3715,22.479053
2944,3716,12.136389
2945,3717,11.834373
2946,3718,12.965703
2947,3719,14.397816
2948,3720,28.548246
2949,3721,10.669734
2950,3722,14.511227
2951,3723,10.455941
2952,3724,10.5215025
2953,3725,23.00607
2954,3726,11.398223
2955,3727,12.074392
2956,3728,10.348779
2957,3730,16.062775
2958,3731,10.100026
2959,3732,10.179019
2960,3733,22.043093
2961,3734,17.47088
2962,3736,23.689077
2963,3737,17.993517
2964,3738,13.493946
2965,3739,14.066735
2966,3740,13.694328
2967,3741,14.36246
2968,3742,17.094198
2969,3743,13.360493
2970,3744,18.995222
2971,3745,13.409589
2972,3746,17.204353
2973,3747,12.703272
2974,3748,11.678066
2975,3749,20.1865
2976,3750,20.023394
2977,3751,16.974264
2978,3752,19.510315
2979,3753,14.156125
2980,3754,13.372365
2981,3755,18.38846
2982,3756,20.50046
2983,3757,8.673982
2984,3758,19.926195
2985,3759,11.681471
2986,3760,15.900542
2987,3762,15.373676
2988,3763,14.6085825
2989,3764,16.62957
2990,3765,14.633593
2991,3766,16.539413
2992,3767,14.906175
2993,3768,16.827599
2994,3769,23.963827
2995,3770,11.450645
2996,3771,9.136763
2997,3773,23.128424
2998,3774,19.48861
2999,3775,14.115034
3000,3778,13.089467
3001,3779,12.18544
3002,3780,10.050772
3003,3781,11.694323
3004,3782,7.988749
3005,3783,9.045266
3006,3784,10.141284
3007,3785,27.9783
3008,3786,12.755384
3009,3787,20.785692
3010,3789,27.455582
3011,3790,17.064148
3012,3791,10.049914
3013,3792,9.924003
3014,3793,20.37461
3015,3794,17.33582
3016,3795,12.889793
3017,3796,8.707864
3018,3797,10.782198
3019,3798,9.5490675
3020,3799,12.44136
3021,3801,13.128757
3022,3802,23.110325
3023,3803,15.201174
3024,3804,24.203428
3025,3805,9.009083
3026,3806,13.476838
3027,3807,10.01819
3028,3808,18.559378
3029,3809,12.977607
3030,3810,18.139805
3031,3811,11.485465
3032,3812,16.164124
3033,3813,8.760685
3034,3814,15.665969
3035,3815,19.100832
3036,3816,7.178462
3037,3817,10.243262
3038,3818,19.821321
3039,3819,16.284046
3040,3820,21.396227
3041,3821,22.050034
3042,3822,16.857655
3043,3823,17.478487
3044,3824,20.259289
3045,3825,16.364605
3046,3826,10.081615
3047,3836,14.075173
3048,3839,13.151941
3049,3841,9.869856
3050,3842,11.591909
3051,3843,16.540922
3052,3844,20.573944
3053,3845,21.358852
3054,3846,13.433217
3055,3847,14.222472
3056,3848,13.316473
3057,3849,16.218695
3058,3850,17.43349
3059,3863,16.101913
3060,3864,16.380234
3061,3865,15.970162
3062,3866,12.154533
3063,3867,14.681604
3064,3868,10.718148
3065,3869,15.346663
3066,3870,12.3059225
3067,3871,18.80757
3068,3874,8.431868
3069,3875,15.371345
3070,3877,14.77841
3071,3878,12.639311
3072,3879,14.688183
3073,3880,15.38715
3074,3881,12.889575
3075,3882,15.166028
3076,3883,12.084147
3077,3884,14.721486
3078,3885,7.025172
3079,3886,25.638134
3080,3888,11.90504
3081,3889,14.346598
3082,3890,11.875162
3083,3891,10.926694
3084,3892,9.455945
3085,3893,11.850299
3086,3894,25.018854
3087,3895,19.16416
3088,3896,16.736961
3089,3897,13.409614
3090,3898,18.17481
3091,3899,20.043766
3092,3900,12.838137
3093,3901,12.075632
3094,3905,11.104975
3095,3906,15.50325
3096,3907,17.88223
3097,3913,17.370943
3098,3914,20.31984
3099,3915,11.595023
3100,3916,9.082737
3101,3917,19.406153
3102,3918,12.162657
3103,3919,16.20961
3104,3920,18.885183
3105,3921,17.09835
3106,3922,21.78875
3107,3923,10.407253
3108,3924,14.394049
3109,3925,19.741486
3110,3926,17.005726
3111,3927,13.808045
3112,3928,20.787615
3113,3929,18.040667
3114,3930,19.89405
3115,3931,14.620853
3116,3932,15.676586
3117,3933,9.187396
3118,3934,10.145704
3119,3935,13.459465
3120,3936,20.194466
3121,3937,14.469815
3122,3938,15.808595
3123,3939,17.317463
3124,3940,12.115892
3125,3941,19.699629
3126,3942,15.063816
3127,3943,27.599762
3128,3944,20.094662
3129,3945,15.840646
3130,3946,13.4290695
3131,3947,10.559732
3132,3948,15.8171215
3133,3949,10.8146105
3134,3950,8.3124895
3135,3951,17.77619
3136,3952,17.268517
3137,3953,12.453294
3138,3954,17.991407
3139,3955,14.362759
3140,3956,14.493626
3141,3957,15.940646
3142,3958,8.681731
3143,3959,10.434144
3144,3960,24.222229
3145,3961,11.377398
3146,3962,12.816071
3147,3963,10.674363
3148,3964,19.686676
3149,3965,13.550163
3150,3966,7.3722553
3151,3967,7.5840325
3152,3968,19.860699
3153,3969,20.36288
3154,3970,14.967028
3155,3971,24.95203
3156,3972,22.165983
3157,3973,23.664253
3158,3974,9.637993
3159,3975,14.674337
3160,3976,20.943838
3161,3977,17.11855
3162,3978,11.256906
3163,3979,8.611293
3164,3980,18.550312
3165,3981,18.674128
3166,3982,9.955658
3167,3983,18.783958
3168,3984,11.329204
3169,3985,13.348112
3170,3986,16.089954
3171,3987,13.212381
3172,3988,12.577125
3173,3989,10.409926
3174,3990,11.820324
3175,3991,26.661922
3176,3992,10.50848
3177,3993,11.92828
3178,3994,11.99544
3179,3996,19.287321
3180,4004,14.658882
3181,4011,13.964973
3182,4012,16.627285
3183,4013,17.941284
3184,4014,9.602853
3185,4015,13.735341
3186,4016,19.787638
3187,4017,13.960365
3188,4018,11.072097
3189,4019,9.600825
3190,4020,10.989574
3191,4021,17.250755
3192,4022,12.463848
3193,4023,14.622473
3194,4024,18.7446
3195,4025,14.452765
3196,4026,16.622978
3197,4040,16.066856
3198,4041,20.388994
3199,4042,27.715727
3200,4043,13.907671
3201,4044,16.911161
3202,4045,8.7315645
3203,4046,10.608635
3204,4047,19.261726
3205,4048,16.124342
3206,4049,14.73575
3207,4050,22.364536
3208,4051,11.369226
3209,4052,14.914326
3210,4053,23.55904
3211,4054,17.660566
3212,4055,20.78873
3213,4056,18.137472
3214,4058,18.417969
3215,4059,14.075173
3216,4060,19.537622
3217,4061,15.078484
3218,4062,13.881072
3219,4063,11.97201
3220,4064,11.840809
3221,4065,10.76757
3222,4066,21.97486
3223,4068,12.43597
3224,4069,12.23702
3225,4070,17.242228
3226,4073,10.906176
3227,4074,10.092219
3228,4075,18.181902
3229,4076,13.063923
3230,4077,13.601158
3231,4078,11.357172
3232,4079,18.045063
3233,4080,19.79284
3234,4081,16.68109
3235,4082,11.734771
3236,4085,26.150421
3237,4086,12.406598
3238,4087,9.275985
3239,4088,14.218526
3240,4089,10.510696
3241,4090,18.917969
3242,4091,12.092826
3243,4092,16.782293
3244,4093,22.980274
3245,4094,18.451857
3246,4097,22.748894
3247,4098,13.758778
3248,4099,15.972628
3249,4100,12.677116
3250,4101,12.507159
3251,4102,19.596354
3252,4103,16.037434
3253,4104,13.955037
3254,4105,9.626429
3255,4106,12.685846
3256,4109,13.683939
3257,4110,13.002047
3258,4111,17.326569
3259,4112,19.05948
3260,4113,13.637739
3261,4114,9.93421
3262,4115,13.043141
3263,4116,22.147667
3264,4117,13.249661
3265,4118,18.769646
3266,4121,16.714737
3267,4122,14.150526
3268,4123,14.044906
3269,4124,9.742963
3270,4125,8.393861
3271,4126,14.131587
3272,4127,9.86541
3273,4128,13.266801
3274,4129,8.552053
3275,4130,13.095351
3276,4133,16.134178
3277,4134,11.235742
3278,4135,16.851934
3279,4136,11.347909
3280,4137,9.233364
3281,4138,10.742112
3282,4139,11.289665
3283,4140,9.740822
3284,4141,10.616916
3285,4142,13.378128
3286,4145,15.211381
3287,4146,17.014484
3288,4147,12.267779
3289,4148,17.390419
3290,4149,11.681259
3291,4150,12.108965
3292,4151,11.864031
3293,4152,12.740767
3294,4155,11.392891
3295,4156,8.704302
3296,4157,11.9299755
3297,4158,13.794172
3298,4159,10.518207
3299,4160,7.552368
3300,4161,17.408367
3301,4162,21.697062
3302,4165,8.138289
3303,4166,15.894353
3304,4167,10.4513855
3305,4168,9.07964
3306,4169,12.870406
3307,4170,11.271272
3308,4171,12.258219
3309,4172,15.996016
3310,4173,18.510067
3311,4174,11.246855
3312,4177,12.152057
3313,4178,17.737267
3314,4179,12.612284
3315,4180,25.493835
3316,4181,10.187698
3317,4182,10.653887
3318,4183,12.286682
3319,4184,15.066635
3320,4185,28.341301
3321,4186,13.296012
3322,4187,16.13456
3323,4188,11.304542
3324,4189,19.7649
3325,4190,13.497614
3326,4191,12.329124
3327,4192,20.88553
3328,4193,12.089184
3329,4194,15.547871
3330,4195,14.264751
3331,4196,16.365913
3332,4197,9.843288
3333,4198,11.266224
3334,4199,10.376692
3335,4200,16.670485
3336,4201,14.180731
3337,4202,11.377069
3338,4203,10.845468
3339,4204,18.05198
3340,4205,8.523427
3341,4206,9.4076805
3342,4207,10.704202
3343,4208,14.763601
3344,4209,13.538882
3345,4210,11.849203
3346,4211,20.492832
3347,4212,12.547132
3348,4213,17.057337
3349,4214,8.456705
3350,4215,18.255627
3351,4216,12.179064
3352,4217,8.1333475
3353,4218,14.244909
3354,4219,10.09557
3355,4220,10.795165
3356,4221,22.948515
3357,4222,9.356242
3358,4223,18.488281
3359,4224,11.341956
3360,4225,13.027046
3361,4226,13.034193
3362,4227,15.777719
3363,4228,12.31607
3364,4229,15.805846
3365,4230,10.304854
3366,4231,11.064318
3367,4232,14.727612
3368,4233,14.817408
3369,4234,15.224365
3370,4235,17.486166
3371,4236,17.958134
3372,4237,19.861397
3373,4238,10.333362
3374,4239,18.356386
3375,4240,16.794489
3376,4241,10.076797
3377,4242,12.225389
3378,4243,9.923434
3379,4244,18.394556
3380,4245,10.267485
3381,4246,11.386144
3382,4247,18.71555
3383,4248,11.590763
3384,4249,14.463789
3385,4250,12.480803
3386,4251,15.538421
3387,4252,13.884778
3388,4253,9.139541
3389,4254,19.07037
3390,4255,19.04686
3391,4256,17.953138
3392,4257,15.301319
3393,4258,24.633528
3394,4259,13.272474
3395,4260,29.104494
3396,4261,10.618659
3397,4262,16.37354
3398,4263,12.467257
3399,4264,8.68811
3400,4265,8.694094
3401,4266,14.920125
3402,4267,18.839165
3403,4268,13.631819
3404,4269,16.998646
3405,4270,14.079206
3406,4272,7.746154
3407,4274,13.798931
3408,4275,10.43662
3409,4276,24.508076
3410,4277,8.150924
3411,4278,20.750784
3412,4279,12.800937
3413,4280,7.8975816
3414,4281,23.962225
3415,4282,12.806555
3416,4283,8.385919
3417,4284,12.897691
3418,4285,13.987653
3419,4286,7.659586
3420,4287,24.968674
3421,4288,13.769124
3422,4289,9.585881
3423,4290,10.699757
3424,4291,14.576127
3425,4292,16.732796
3426,4293,14.456531
3427,4294,11.251578
3428,4295,10.661816
3429,4296,19.036034
3430,4297,16.257977
3431,4298,11.062311
3432,4299,22.55056
3433,4300,13.880258
3434,4301,20.460203
3435,4302,12.176255
3436,4303,18.537626
3437,4304,15.413379
3438,4305,15.817299
3439,4306,15.825396
3440,4307,16.959196
3441,4308,20.864237
3442,4309,9.700611
3443,4310,7.589122
3444,4311,12.76976
3445,4312,15.414947
3446,4313,10.587015
3447,4314,19.252481
3448,4315,12.619852
3449,4316,8.877429
3450,4317,20.79675
3451,4318,11.875175
3452,4319,13.291781
3453,4320,10.710408
3454,4321,25.898321
3455,4322,13.344234
3456,4323,19.385777
3457,4324,13.8730135
3458,4325,15.266228
3459,4326,14.742593
3460,4327,18.426435
3461,4328,16.145857
3462,4329,12.116931
3463,4330,11.608332
3464,4331,14.612748
3465,4332,18.2615
3466,4333,12.536992
3467,4334,12.675302
3468,4335,12.264711
3469,4336,19.696598
3470,4337,18.617533
3471,4338,12.302366
3472,4339,13.332581
3473,4340,11.42916
3474,4341,19.574303
3475,4342,14.063627
3476,4343,16.599142
3477,4344,21.234539
3478,4345,15.474459
3479,4346,17.388443
3480,4347,12.869795
3481,4348,17.87751
3482,4349,8.497637
3483,4350,12.336347
3484,4351,15.91281
3485,4352,14.95234
3486,4353,10.53209
3487,4354,12.74032
3488,4355,17.814194
3489,4356,21.41157
3490,4357,16.40935
3491,4358,12.331661
3492,4359,28.748907
3493,4360,15.757264
3494,4361,11.994021
3495,4362,11.081413
3496,4363,22.889078
3497,4364,12.9345045
3498,4365,15.853745
3499,4366,10.054241
3500,4367,15.047945
3501,4368,9.865584
3502,4369,24.301874
3503,4370,16.165022
3504,4371,12.296636
3505,4372,16.361626
3506,4373,21.228441
3507,4374,9.534276
3508,4375,13.966788
3509,4376,16.972261
3510,4377,19.76713
3511,4378,12.279954
3512,4379,17.098305
3513,4380,25.52202
3514,4381,13.29669
3515,4382,13.819364
3516,4383,11.24814
3517,4384,22.438932
3518,4385,14.926963
3519,4386,12.684781
3520,4387,10.777106
3521,4388,19.023697
3522,4389,23.311707
3523,4390,14.228592
3524,4391,13.524517
3525,4392,12.667975
3526,4393,13.040965
3527,4394,10.00901
3528,4395,10.402589
3529,4396,15.237079
3530,4397,15.0711565
3531,4398,12.892216
3532,4399,17.565596
3533,4400,20.39936
3534,4401,13.709173
3535,4402,11.513852
3536,4403,11.79542
3537,4404,12.671947
3538,4405,15.772155
3539,4406,13.073845
3540,4407,12.855378
3541,4408,22.72905
3542,4409,12.309381
3543,4410,8.774097
3544,4411,12.056005
3545,4412,11.395685
3546,4413,10.908502
3547,4414,7.3440185
3548,4415,19.899668
3549,4416,11.306052
3550,4417,17.426998
3551,4418,16.484331
3552,4419,11.681099
3553,4420,18.727125
3554,4421,17.17727
3555,4422,11.744182
3556,4423,21.947205
3557,4424,15.46668
3558,4425,14.2478075
3559,4426,15.100469
3560,4427,12.465697
3561,4428,20.517769
3562,4429,9.9479
3563,4430,12.412223
3564,4431,11.318606
3565,4432,14.096697
3566,4433,18.939808
3567,4434,10.873139
3568,4435,12.274379
3569,4436,15.962612
3570,4437,19.115732
3571,4438,11.979314
3572,4439,8.095129
3573,4440,14.953326
3574,4441,14.686851
3575,4442,11.960396
3576,4443,22.97728
3577,4444,12.983805
3578,4445,14.739214
3579,4446,24.040167
3580,4447,15.760744
3581,4448,9.363001
3582,4449,11.008918
3583,4450,8.377259
3584,4451,18.093273
3585,4452,16.808884
3586,4453,12.126511
3587,4454,10.624706
3588,4455,13.018496
3589,4456,9.036536
3590,4457,13.084609
3591,4458,11.273087
3592,4459,15.11615
3593,4460,9.317722
3594,4461,12.167205
3595,4462,13.017614
3596,4463,23.14247
3597,4464,6.0746875
3598,4465,12.916567
3599,4466,16.20421
3600,4467,11.519346
3601,4468,15.4144745
3602,4469,11.823515
3603,4470,11.950392
3604,4471,22.368744
3605,4472,12.004885
3606,4473,9.695241
3607,4474,11.067351
3608,4475,28.64633
3609,4476,12.004218
3610,4477,14.868025
3611,4478,26.23411
3612,4479,9.827287
3613,4480,12.500648
3614,4481,9.923366
3615,4482,18.769892
3616,4483,15.152346
3617,4484,20.301651
3618,4485,17.664501
3619,4486,11.821871
3620,4487,12.85307
3621,4488,15.476604
3622,4489,14.473309
3623,4490,11.460767
3624,4491,16.823208
3625,4492,16.547499
3626,4493,11.826729
3627,4494,11.621722
3628,4495,17.18449
3629,4496,10.718997
3630,4497,18.743376
3631,4498,10.188789
3632,4499,13.853023
3633,4500,13.235587
3634,4501,10.154355
3635,4502,7.785918
3636,4503,8.345795
3637,4504,15.375621
3638,4505,21.934011
3639,4506,6.128323
3640,4507,13.584585
3641,4508,10.84172
3642,4509,7.4451957
3643,4510,17.194233
3644,4511,10.709998
3645,4512,11.107271
3646,4513,18.553677
3647,4514,12.284852
3648,4515,16.979315
3649,4516,21.983269
3650,4517,10.99848
3651,4518,16.201315
3652,4519,15.460657
3653,4520,7.676578
3654,4521,11.957178
3655,4522,19.682732
3656,4523,13.027443
3657,4524,10.928759
3658,4525,15.159619
3659,4526,10.878249
3660,4527,12.950543
3661,4528,23.589508
3662,4529,9.488489
3663,4530,13.871249
3664,4531,18.422693
3665,4532,12.60848
3666,4533,12.999563
3667,4534,9.580578
3668,4535,10.002928
3669,4536,10.816769
3670,4537,20.420956
3671,4538,12.333551
3672,4539,11.212125
3673,4540,24.03641
3674,4541,12.17076
3675,4542,18.145681
3676,4543,13.234791
3677,4544,16.66927
3678,4545,17.364922
3679,4546,14.938636
3680,4547,10.969259
3681,4548,16.64732
3682,4549,11.774953
3683,4550,23.010502
3684,4551,15.570081
3685,4552,24.025816
3686,4553,20.796976
3687,4554,15.260048
3688,4555,10.549184
3689,4556,18.995222
3690,4557,19.249819
3691,4558,13.623956
3692,4559,10.24865
3693,4560,11.452301
3694,4561,13.772082
3695,4562,23.679226
3696,4563,9.099591
3697,4564,8.514102
3698,4565,19.818033
3699,4566,24.269802
3700,4567,10.715407
3701,4568,22.812878
3702,4569,14.983667
3703,4571,8.989628
3704,4572,8.663094
3705,4573,16.599854
3706,4574,12.056119
3707,4575,12.904121
3708,4576,17.85537
3709,4577,11.092974
3710,4578,21.509861
3711,4579,9.604289
3712,4580,8.749314
3713,4581,15.985524
3714,4582,13.493946
3715,4583,9.192271
3716,4584,18.576082
3717,4585,17.802015
3718,4586,19.236385
3719,4587,15.615838
3720,4588,10.225093
3721,4589,25.314905
3722,4590,12.331397
3723,4591,12.162464
3724,4592,14.222472
3725,4593,15.465277
3726,4594,15.503847
3727,4595,10.162838
3728,4596,14.373168
3729,4597,19.521387
3730,4598,10.7318945
3731,4599,10.129389
3732,4600,17.999174
3733,4601,18.186497
3734,4614,13.0832405
3735,4615,14.297227
3736,4616,20.08758
3737,4617,10.991398
3738,4618,20.75775
3739,4619,15.867766
3740,4620,17.19017
3741,4621,16.797548
3742,4622,16.64228
3743,4623,19.68809
3744,4624,20.446747
3745,4625,17.979904
3746,4626,12.528277
3747,4627,12.252203
3748,4628,11.640694
3749,4629,22.772388
3750,4630,14.817572
3751,4632,13.493027
3752,4633,10.114595
3753,4634,17.269167
3754,4635,11.255639
3755,4636,18.752823
3756,4637,21.471098
3757,4638,16.740479
3758,4639,15.673524
3759,4640,17.22762
3760,4641,11.718257
3761,4642,14.398922
3762,4643,17.325146
3763,4644,25.781332
3764,4645,11.922653
3765,4646,11.65329
3766,4647,19.476952
3767,4648,17.194067
3768,4649,21.13999
3769,4650,12.6778345
3770,4651,17.008608
3771,4671,9.876962
3772,4672,9.902242
3773,4673,10.622174
3774,4674,13.67914
3775,4675,13.307878
3776,4676,11.373265
3777,4677,10.772626
3778,4678,8.939127
3779,4679,15.412254
3780,4680,10.485191
3781,4681,13.592524
3782,4682,14.201678
3783,4683,12.819701
3784,4684,19.587212
3785,4685,10.21511
3786,4686,13.073387
3787,4688,18.49756
3788,4689,15.53403
3789,4690,22.30205
3790,4691,27.299555
3791,4692,12.5620575
3792,4693,9.390622
3793,4694,12.160639
3794,4695,7.01191
3795,4696,10.380649
3796,4697,11.736052
3797,4698,21.226122
3798,4699,15.091024
3799,4700,24.509224
3800,4701,27.269228
3801,4702,23.318377
3802,4703,14.287736
3803,4704,13.136354
3804,4705,16.717442
3805,4706,11.618802
3806,4707,20.105305
3807,4708,16.16635
3808,4711,21.122768
3809,4712,17.443548
3810,4713,17.521006
3811,4714,11.595023
3812,4715,18.511621
3813,4716,20.20266
3814,4717,10.773219
3815,4718,11.80426
3816,4719,22.708878
3817,4720,23.676918
3818,4721,9.176195
3819,4722,11.299729
3820,4723,12.757824
3821,4724,10.130528
3822,4725,13.688542
3823,4726,15.078132
3824,4727,12.937544
3825,4728,20.213804
3826,4729,10.475236
3827,4730,18.901184
3828,4731,10.830269
3829,4732,9.154297
3830,4733,10.773627
3831,4734,17.423037
3832,4735,15.329709
3833,4736,23.46692
3834,4737,17.204285
3835,4738,17.143429
3836,4739,12.451268
3837,4740,22.907906
3838,4741,10.23038
3839,4742,9.485447
3840,4743,8.82947
3841,4744,13.570171
3842,4745,20.451212
3843,4746,13.510642
3844,4747,12.55387
3845,4748,9.970979
3846,4750,20.601252
3847,4751,13.041386
3848,4752,18.531033
3849,4753,10.165662
3850,4754,16.325022
3851,4755,11.937687
3852,4756,19.886024
3853,4757,7.8228793
3854,4758,27.164928
3855,4759,26.6641
3856,4760,15.063816
3857,4761,16.768494
3858,4762,13.355672
3859,4763,11.753381
3860,4764,22.140799
3861,4765,11.864818
3862,4766,10.199349
3863,4767,22.645985
3864,4768,13.722947
3865,4769,9.769318
3866,4770,17.684853
3867,4771,22.492645
3868,4772,16.439667
3869,4773,16.227594
3870,4774,11.752432
3871,4775,14.036745
3872,4776,10.183699
3873,4777,11.35109
3874,4778,21.277088
3875,4779,16.655396
3876,4780,10.669838
3877,4781,11.287215
3878,4782,11.324631
3879,4785,13.802095
3880,4786,11.433517
3881,4787,10.09928
3882,4788,23.786667
3883,4789,8.748021
3884,4790,11.865208
3885,4791,26.360418
3886,4792,21.330544
3887,4793,11.596057
3888,4794,15.436838
3889,4795,17.35624
3890,4796,16.559753
3891,4797,12.931151
3892,4798,13.120048
3893,4799,11.369386
3894,4800,16.65051
3895,4801,11.043947
3896,4802,17.01829
3897,4803,12.258219
3898,4804,13.631616
3899,4805,12.239014
3900,4806,25.484602
3901,4807,8.762989
3902,4808,17.267996
3903,4809,8.124242
3904,4810,14.492598
3905,4811,16.74375
3906,4812,12.832589
3907,4813,16.95423
3908,4814,20.310034
3909,4815,8.257355
3910,4816,10.908022
3911,4817,12.962651
3912,4818,13.360278
3913,4893,18.055874
3914,4894,24.518015
3915,4895,22.108942
3916,4896,9.858228
3917,4897,10.40482
3918,4898,13.001308
3919,4899,12.832312
3920,4900,15.708958
3921,4901,19.889566
3922,4902,25.144444
3923,4903,10.006221
3924,4904,9.208521
3925,4905,16.427395
3926,4906,10.665828
3927,4907,14.858787
3928,4908,9.533539
3929,4909,19.926052
3930,4910,15.434183
3931,4911,16.595648
3932,4912,17.013454
3933,4913,13.415607
3934,4915,18.503567
3935,4916,18.299835
3936,4917,17.312502
3937,4918,14.700228
3938,4919,15.458098
3939,4920,19.551552
3940,4923,16.676392
3941,4924,10.923687
3942,4925,9.605042
3943,4926,10.954713
3944,4927,13.657515
3945,4928,6.7047334
3946,4929,13.503812
3947,4930,9.183431
3948,4931,9.808023
3949,4932,18.530106
3950,4933,18.896793
3951,4934,15.41568
3952,4935,9.227343
3953,4936,9.466201
3954,4937,14.701041
3955,4938,21.719557
3956,4939,18.845657
3957,4940,14.700611
3958,4941,20.539534
3959,4942,14.160768
3960,4943,8.88139
3961,4944,11.842504
3962,4945,9.806969
3963,4946,12.365447
3964,4947,11.458883
3965,4948,18.701447
3966,4949,14.157277
3967,4950,14.936215
3968,4951,13.879026
3969,4952,10.641773
3970,4953,18.188288
3971,4954,22.522161
3972,4955,16.288353
3973,4956,13.745551
3974,4957,9.103033
3975,4958,10.679758
3976,4959,17.405659
3977,4960,11.024368
3978,4961,20.202705
3979,4962,8.628343
3980,4963,10.346969
3981,4964,11.155943
3982,4965,15.763891
3983,4966,19.28482
3984,4967,19.52819
3985,4968,18.874386
3986,4969,13.487906
3987,4970,22.773485
3988,4971,24.16712
3989,4972,12.039484
3990,4973,17.95602
3991,4974,10.060236
3992,4975,9.624318
3993,4976,13.531627
3994,4977,12.454863
3995,4978,12.032139
3996,4979,12.91035
3997,4980,11.059887
3998,4981,8.301845
3999,4982,11.042036
4000,4983,8.448189
4001,4984,13.29445
4002,4985,7.8824224
4003,4986,11.530271
4004,4987,10.048789
4005,4988,12.311712
4006,4990,14.79875
4007,4991,13.602251
4008,4992,20.421463
4009,4993,13.781014
4010,4994,10.538586
4011,4995,10.639688
4012,4996,16.134779
4013,4997,18.47262
4014,4998,14.852647
4015,4999,14.534278
4016,5000,21.736195
4017,5001,9.41101
4018,5002,13.076936
4019,5005,13.779365
4020,5006,12.932858
4021,5007,11.438727
4022,5008,17.010902
4023,5009,14.771388
4024,5010,10.712768
4025,5011,19.2595
4026,5012,15.084104
4027,5013,13.618806
4028,5014,13.634619
4029,5015,12.413282
4030,5016,18.727997
4031,5017,13.139571
4032,5018,19.6743
4033,5019,20.867966
4034,5020,11.193766
4035,5021,22.744745
4036,5022,9.5955105
4037,5023,10.81325
4038,5024,18.101538
4039,5025,10.850965
4040,5026,8.915701
4041,5027,11.426636
4042,5028,13.151442
4043,5029,21.693726
4044,5030,15.121812
4045,5031,14.3800535
4046,5032,11.699331
4047,5033,9.001015
4048,5034,16.627285
4049,5035,13.179795
4050,5036,15.151385
4051,5037,13.595164
4052,5038,17.096611
4053,5039,14.816019
4054,5040,18.727797
4055,5041,14.297509
4056,5042,8.138291
4057,5043,8.4039
4058,5044,16.329412
4059,5045,16.262756
4060,5046,12.645238
4061,5047,24.30914
4062,5048,16.454782
4063,5049,19.132414
4064,5050,14.781858
4065,5051,12.343401
4066,5052,13.008897
4067,5053,11.913239
4068,5054,10.08505
4069,5055,21.84629
4070,5056,10.851061
4071,5139,17.399172
4072,5140,9.618595
4073,5141,10.871349
4074,5142,18.49197
4075,5143,12.343529
4076,5144,11.838136
4077,5145,11.117745
4078,5146,15.989052
4079,5147,14.78298
4080,5148,16.299536
4081,5149,8.74749
4082,5150,14.243139
4083,5151,22.721031
4084,5152,10.345615
4085,5153,8.995126
4086,5154,8.646621
4087,5155,13.028155
4088,5156,17.104342
4089,5157,16.469671
4090,5158,13.517027
4091,5159,9.743043
4092,5160,11.707155
4093,5161,7.1202574
4094,5162,14.129914
4095,5163,14.123282
4096,5164,20.472977
4097,5165,22.151274
4098,5166,10.068727
4099,5167,21.764725
4100,5168,17.49115
4101,5169,19.044971
4102,5170,19.182667
4103,5171,10.701524
4104,5172,15.922359
4105,5173,24.861626
4106,5174,14.604552
4107,5175,20.787912
4108,5176,24.563875
4109,5177,9.771942
4110,5178,11.180484
4111,5179,9.21401
4112,5180,13.698907
4113,5181,11.049579
4114,5182,18.26281
4115,5183,14.458038
4116,5184,9.994401
4117,5185,14.668476
4118,5186,11.879768
4119,5187,8.69036
4120,5188,18.469368
4121,5189,20.314693
4122,5190,14.425471
4123,5191,13.727367
4124,5192,12.7511835
4125,5193,14.994513
4126,5194,25.04746
4127,5195,20.740276
4128,5196,13.206978
4129,5197,10.550356
4130,5198,16.972261
4131,5199,21.640186
4132,5200,10.976316
4133,5201,16.952724
4134,5202,15.849532
4135,5203,13.296197
4136,5204,12.319964
4137,5205,14.110201
4138,5206,24.302263
4139,5207,13.631616
4140,5208,19.755621
4141,5209,13.470711
4142,5210,19.940731
4143,5211,13.4678755
4144,5212,20.636223
4145,5213,26.503311
4146,5214,11.141775
4147,5215,19.893976
4148,5216,18.085041
4149,5217,12.00727
4150,5218,13.899875
4151,5219,13.201465
4152,5220,13.471133
4153,5221,10.117646
4154,5222,9.224588
4155,5223,13.902443
4156,5224,8.93501
4157,5225,12.986509
4158,5227,9.296558
4159,5228,13.646797
4160,5242,13.667548
4161,5244,17.223675
4162,5245,14.136578
4163,5246,13.19826
4164,5247,15.001779
4165,5248,10.739995
4166,5249,13.206978
4167,5250,12.171945
4168,5251,13.19884
4169,5252,16.343521
4170,5253,20.186275
4171,5256,17.401443
4172,5257,13.546648
4173,5258,7.8114266
4174,5259,13.710024
4175,5260,11.940377
4176,5261,22.140583
4177,5262,12.873634
4178,5263,16.060373
4179,5264,19.860142
4180,5265,20.532227
4181,5266,8.8522005
4182,5267,18.987665
4183,5268,11.562597
4184,5269,18.40289
4185,5270,12.446383
4186,5271,14.483922
4187,5272,15.568112
4188,5273,12.380009
4189,5290,17.655218
4190,5291,8.566952
4191,5292,13.593422
4192,5293,10.163494
4193,5294,11.026077
4194,5296,10.043306
4195,5297,26.112215
4196,5299,17.035582
4197,5300,12.179059
4198,5303,14.073446
4199,5304,10.192702
4200,5305,16.219204
4201,5306,15.619241
4202,5307,14.356868
4203,5308,14.486833
4204,5309,9.276308
4205,5310,20.031738
4206,5311,9.986619
4207,5312,24.454916
4208,5313,8.57967
4209,5314,21.033585
4210,5315,16.03992
4211,5316,12.004885
4212,5317,13.355385
4213,5318,13.328552
4214,5334,20.775318
4215,5335,9.561268
4216,5336,16.503305
4217,5337,13.9688
4218,5338,12.835551
4219,5339,16.136896
4220,5340,27.25182
4221,5341,18.729122
4222,5342,11.574758
4223,5343,23.545433
4224,5344,20.463062
4225,5345,15.42785
4226,5346,12.360947
4227,5347,9.162947
4228,5348,15.891326
4229,5349,11.316348
4230,5350,15.137461
4231,5351,18.548306
4232,5352,12.20213
4233,5353,15.382116
4234,5354,15.62953
4235,5355,12.862188
4236,5356,16.067463
4237,5357,12.958154
4238,5358,18.829006
4239,5359,26.744207
4240,5360,9.172556
4241,5361,9.867944
4242,5362,12.833115
4243,5363,13.4678755
4244,5364,16.72292
4245,5365,13.026125
4246,5366,10.848683
4247,5367,18.352343
4248,5368,18.822346
4249,5369,12.36748
4250,5370,16.611807
4251,5371,20.843267
4252,5372,19.077768
4253,5373,17.12884
4254,5374,21.722942
4255,5375,14.894535
4256,5376,16.309334
4257,5377,16.14351
4258,5378,16.530142
4259,5379,19.096695
4260,5380,14.339441
4261,5381,13.849483
4262,5382,11.450988
4263,5383,19.636112
4264,5384,18.480858
4265,5385,16.498743
4266,5386,8.425109
4267,5387,22.784803
4268,5388,21.632132
4269,5389,15.114653
4270,5390,10.183327
4271,5391,17.070923
4272,5392,22.486996
4273,5394,15.932286
4274,5395,10.731853
4275,5396,20.520233
4276,5397,19.167377
4277,5398,19.796406
4278,5399,13.743627
4279,5400,11.674784
4280,5401,22.297808
4281,5402,23.93718
4282,5403,12.694268
4283,5404,19.156866
4284,5405,8.739747
4285,5406,13.869009
4286,5407,8.759094
4287,5408,19.249577
4288,5409,22.997252
4289,5410,15.729531
4290,5411,15.580593
4291,5412,22.35968
4292,5413,15.707645
4293,5414,14.594736
4294,5415,12.964223
4295,5416,7.3425207
4296,5417,14.6826515
4297,5418,11.445954
4298,5419,13.944961
4299,5420,15.735266
4300,5421,17.703012
4301,5422,22.453815
4302,5423,22.202068
4303,5424,12.604388
4304,5425,12.265859
4305,5426,10.596922
4306,5427,11.910332
4307,5428,17.509624
4308,5429,12.331661
4309,5430,27.742743
4310,5431,20.041565
4311,5432,12.269614
4312,5433,18.971718
4313,5434,14.124012
4314,5435,17.258518
4315,5436,15.758247
4316,5437,11.786311
4317,5438,14.777506
4318,5439,18.969517
4319,5440,23.71442
4320,5441,16.338486
4321,5442,19.218065
4322,5443,8.468657
4323,5444,9.030151
4324,5445,11.10105
4325,5447,11.18041
4326,5448,15.02505
4327,5449,8.314984
4328,5450,10.891157
4329,5451,17.090822
4330,5452,18.954113
4331,5453,11.026638
4332,5454,12.183647
4333,5455,13.125966
4334,5456,15.715043
4335,5457,22.754248
4336,5459,16.554123
4337,5461,18.465815
4338,5463,12.364151
4339,5464,19.195972
4340,5465,9.432464
4341,5466,10.20551
4342,5467,24.738365
4343,5468,22.73006
4344,5469,8.7187
4345,5470,12.395181
4346,5471,13.908957
4347,5472,10.9883795
4348,5473,10.224446
4349,5474,14.516857
4350,5475,18.752823
4351,5476,14.342551
4352,5477,18.89249
4353,5490,10.484813
4354,5491,16.31476
4355,5493,13.470019
4356,5494,13.669861
4357,5495,12.2292795
4358,5496,26.995972
4359,5497,18.189396
4360,5498,11.623064
4361,5499,15.712026
4362,5500,26.425238
4363,5501,16.284046
4364,5502,22.265802
4365,5503,12.301326
4366,5504,11.08031
4367,5505,19.004566
4368,5506,12.88016
4369,5507,19.91921
4370,5508,10.637679
4371,5509,7.991191
4372,5510,14.568231
4373,5511,15.964237
4374,5512,8.833771
4375,5513,25.578615
4376,5514,14.381934
4377,5515,11.963956
4378,5516,19.996437
4379,5517,17.911837
4380,5518,18.262033
4381,5519,19.591387
4382,5520,17.271107
4383,5521,14.050837
4384,5522,11.495173
4385,5523,9.476773
4386,5524,10.314147
4387,5525,19.596758
4388,5526,11.382506
4389,5527,15.285728
4390,5528,12.745193
4391,5529,14.462443
4392,5530,17.542913
4393,5531,12.039431
4394,5532,16.741777
4395,5533,10.581571
4396,5534,12.02157
4397,5535,15.63749
4398,5536,12.801773
4399,5537,18.493483
4400,5538,11.618861
4401,5539,11.854099
4402,5540,19.142855
4403,5541,9.991573
4404,5542,18.760942
4405,5543,21.333387
4406,5544,15.649977
4407,5545,14.6226845
4408,5546,14.271906
4409,5547,13.755635
4410,5548,16.423859
4411,5549,13.659936
4412,5550,10.036707
4413,5551,12.421162
4414,5552,11.172984
4415,5553,12.17738
4416,5554,13.8697405
4417,5555,13.708863
4418,5556,14.890725
4419,5557,17.177818
4420,5558,14.046038
4421,5559,17.100164
4422,5560,23.421886
4423,5561,11.884589
4424,5562,14.076468
4425,5563,12.305528
4426,5564,13.896083
4427,5565,12.666059
4428,5566,7.499065
4429,5567,17.946127
4430,5568,16.451645
4431,5569,12.471928
4432,5570,16.832436
4433,5571,16.601025
4434,5572,17.398321
4435,5573,13.10163
4436,5574,14.105807
4437,5575,9.91244
4438,5576,21.94563
4439,5577,10.556027
4440,5578,11.881387
4441,5579,7.4256673
4442,5580,15.342976
4443,5581,16.215797
4444,5582,10.920301
4445,5583,11.969725
4446,5584,15.788736
4447,5585,11.566777
4448,5586,17.768484
4449,5587,10.468365
4450,5589,13.604721
4451,5590,9.28009
4452,5591,16.400854
4453,5592,17.661945
4454,5593,14.582524
4455,5594,16.32638
4456,5595,14.74046
4457,5596,14.279416
4458,5597,8.184054
4459,5598,11.951919
4460,5599,14.76522
4461,5600,13.398046
4462,5601,24.116045
4463,5603,12.9635935
4464,5604,12.996045
4465,5605,11.923536
4466,5607,29.941553
4467,5608,17.087973
4468,5609,13.315882
4469,5610,14.510928
4470,5611,23.148256
4471,5612,15.99066
4472,5613,21.608513
4473,5615,19.621534
4474,5616,9.970507
4475,5617,15.715485
4476,5618,16.727978
4477,5619,12.353325
4478,5620,9.659584
4479,5621,12.456912
4480,5622,13.042658
4481,5623,12.310504
4482,5624,11.367936
4483,5625,12.896356
4484,5626,14.468574
4485,5627,11.43985
4486,5628,18.939808
4487,5629,12.54996
4488,5630,11.835133
4489,5631,16.268719
4490,5632,12.121378
4491,5633,18.807812
4492,5646,13.617505
4493,5647,17.586876
4494,5648,12.916944
4495,5649,18.12265
4496,5650,12.756329
4497,5651,8.329469
4498,5652,24.040167
4499,5653,13.098731
4500,5654,15.435846
4501,5655,13.345526
4502,5656,10.574639
4503,5657,15.515329
4504,5658,14.333952
4505,5659,20.293482
4506,5660,21.7083
4507,5661,18.700203
4508,5662,22.67865
4509,5663,13.314647
4510,5664,20.96394
4511,5665,18.270994
4512,5666,17.17688
4513,5667,15.281164
4514,5668,10.191505
4515,5669,14.290932
4516,5670,13.240467
4517,5671,17.210798
4518,5672,23.383673
4519,5673,7.9585595
4520,5674,13.607123
4521,5675,8.183269
4522,5676,15.03877
4523,5677,15.058059
4524,5678,20.043533
4525,5679,8.813738
4526,5680,21.051762
4527,5681,15.456771
4528,5682,8.091636
4529,5683,21.792072
4530,5684,11.420728
4531,5685,12.591314
4532,5686,13.721585
4533,5687,11.114483
4534,5688,15.178606
4535,5689,15.344669
4536,5690,8.566243
4537,5691,14.281669
4538,5692,11.187759
4539,5693,10.035737
4540,5694,10.089337
4541,5695,11.800713
4542,5696,16.714602
4543,5697,10.882465
4544,5698,12.995888
4545,5699,19.226137
4546,5700,15.0734415
4547,5701,24.357271
4548,5702,14.008862
4549,5703,12.860904
4550,5704,16.788239
4551,5706,13.906398
4552,5707,10.201219
4553,5708,11.642136
4554,5709,17.290873
4555,5710,21.464325
4556,5711,7.712497
4557,5712,21.287521
4558,5713,16.240347
4559,5714,13.219559
4560,5715,12.09054
4561,5716,15.098019
4562,5717,19.28712
4563,5718,10.720266
4564,5719,12.280066
4565,5720,15.3047085
4566,5721,19.729267
4567,5722,20.090952
4568,5723,18.786337
4569,5724,23.32957
4570,5725,24.97979
4571,5726,12.417003
4572,5727,18.01667
4573,5728,18.536854
4574,5729,23.409252
4575,5730,10.433235
4576,5731,14.962476
4577,5732,13.612459
4578,5733,13.853936
4579,5734,14.870076
4580,5735,14.450261
4581,5736,11.7630415
4582,5737,8.54015
4583,5738,22.559332
4584,5739,16.282352
4585,5740,15.197199
4586,5741,14.067815
4587,5742,18.782558
4588,5743,17.251497
4589,5744,20.7599
4590,5745,12.864969
4591,5746,17.711102
4592,5747,11.533591
4593,5748,12.113122
4594,5749,8.610093
4595,5750,14.198285
4596,5751,15.4683
4597,5752,16.362257
4598,5753,11.82536
4599,5754,12.1174
4600,5755,11.907553
4601,5756,13.279987
4602,5757,14.889156
4603,5759,14.144668
4604,5760,12.549387
4605,5761,15.134631
4606,5762,19.153429
4607,5763,19.044077
4608,5764,16.179422
4609,5766,11.566078
4610,5767,12.559922
4611,5768,22.156328
4612,5769,14.753916
4613,5770,15.173093
4614,5771,17.712694
4615,5773,21.402401
4616,5775,17.600338
4617,5777,9.1421175
4618,5778,19.093252
4619,5779,12.3756895
4620,5780,15.420096
4621,5781,11.526691
4622,5782,15.270674
4623,5783,10.069219
4624,5784,11.639332
4625,5785,8.065371
4626,5786,20.512865
4627,5787,16.731213
4628,5788,21.719557
4629,5789,12.437318
4630,5802,19.149384
4631,5803,23.271685
4632,5804,13.035055
4633,5805,17.034754
4634,5806,21.78875
4635,5807,26.883133
4636,5808,19.996
4637,5809,22.493826
4638,5810,21.011808
4639,5811,11.65968
4640,5812,12.703272
4641,5813,17.77264
4642,5814,12.229609
4643,5815,19.418833
4644,5816,16.089664
4645,5817,11.357172
4646,5818,11.623064
4647,5819,15.938326
4648,5820,10.789951
4649,5821,17.470467
4650,5822,15.519558
4651,5823,15.488566
4652,5824,11.080108
4653,5825,18.284067
4654,5826,26.409952
4655,5827,18.807226
4656,5828,13.374666
4657,5829,12.492258
4658,5830,13.243408
4659,5831,7.9300733
4660,5832,16.226093
4661,5833,15.551224
4662,5834,12.892104
4663,5835,14.941273
4664,5836,11.299609
4665,5837,9.168226
4666,5838,17.444899
4667,5839,13.863859
4668,5840,11.641556
4669,5842,9.3064995
4670,5843,11.808561
4671,5844,16.984774
4672,5845,24.633528
4673,5846,12.794717
4674,5847,9.160565
4675,5849,24.181402
4676,5850,8.430484
4677,5851,14.926115
4678,5852,13.350695
4679,5853,14.91142
4680,5854,14.752359
4681,5855,11.59219
4682,5856,12.255331
4683,5857,13.890962
4684,5858,10.70089
4685,5859,21.92527
4686,5860,14.24579
4687,5861,9.502748
4688,5862,22.765465
4689,5863,19.977686
4690,5864,13.254275
4691,5865,17.468815
4692,5866,9.743956
4693,5867,15.329709
4694,5868,9.90233
4695,5869,14.103905
4696,5870,11.097148
4697,5871,14.288619
4698,5872,12.712917
4699,5873,11.678234
4700,5874,13.440212
4701,5875,11.479241
4702,5876,11.881676
4703,5877,12.044767
4704,5878,12.928195
4705,5879,14.014908
4706,5880,27.144707
4707,5881,15.973721
4708,5882,17.54535
4709,5883,12.542884
4710,5884,12.716309
4711,5885,9.13663
4712,5886,21.20636
4713,5887,14.490161
4714,5888,12.946526
4715,5889,14.899604
4716,5890,19.265034
4717,5891,15.419321
4718,5892,8.515579
4719,5894,9.891839
4720,5895,16.72832
4721,5896,11.310913
4722,5897,11.52384
4723,5898,7.976146
4724,5899,20.35123
4725,5902,10.648316
4726,5903,20.57335
4727,5904,9.070876
4728,5905,11.814622
4729,5906,9.712568
4730,5907,15.317765
4731,5908,10.442008
4732,5909,8.828167
4733,5910,12.745934
4734,5911,10.300249
4735,5912,9.835406
4736,5913,19.075844
4737,5915,21.628601
4738,5916,10.474205
4739,5917,15.57767
4740,5918,14.400287
4741,5919,13.703901
4742,5920,17.116558
4743,5921,8.953948
4744,5922,7.5436573
4745,5923,13.664219
4746,5924,16.98862
4747,5925,11.755091
4748,5927,19.484518
4749,5929,10.639256
4750,5930,20.427858
4751,5931,24.451038
4752,5932,14.218041
4753,5933,20.399183
4754,5934,12.700583
4755,5936,7.4297657
4756,5938,11.130334
4757,5939,10.130316
4758,5940,12.3827305
4759,5941,11.680955
4760,5942,10.05458
4761,5943,13.026405
4762,5944,21.350054
4763,5945,13.27862
4764,5958,9.776525
4765,5959,9.991243
4766,5960,12.972544
4767,5961,14.066735
4768,5962,13.466681
4769,5963,19.377115
4770,5964,10.658816
4771,5965,14.723897
4772,5966,12.252742
4773,5967,11.190717
4774,5968,14.158268
4775,5969,20.010828
4776,5970,11.469009
4777,5971,17.967897
4778,5972,12.502346
4779,5973,17.616966
4780,5974,12.996087
4781,5975,24.452375
4782,5976,17.563368
4783,5977,14.235235
4784,5978,11.889289
4785,5979,17.594599
4786,5980,14.000289
4787,5981,13.519001
4788,5982,14.972693
4789,5983,25.334927
4790,5984,27.300264
4791,5985,15.401381
4792,5986,19.798946
4793,5987,13.188617
4794,5988,11.834373
4795,5989,12.007734
4796,5990,22.721031
4797,5991,13.586968
4798,5992,19.421745
4799,5993,15.24795
4800,5994,13.094002
4801,5995,14.0571165
4802,5996,14.289976
4803,5997,11.70127
4804,5998,14.300867
4805,5999,14.926444
4806,6000,15.516541
4807,6001,20.56847
4808,6002,16.745903
4809,6003,11.840891
4810,6004,11.499546
4811,6006,11.305771
4812,6007,8.725204
4813,6008,18.24008
4814,6009,8.731145
4815,6010,14.904429
4816,6011,12.034064
4817,6012,10.27273
4818,6013,9.772612
4819,6014,13.03356
4820,6015,16.69251
4821,6016,15.593867
4822,6017,14.470363
4823,6018,26.444633
4824,6019,16.725107
4825,6020,10.678826
4826,6021,19.369768
4827,6022,20.643621
4828,6023,24.933144
4829,6024,10.355597
4830,6025,11.92306
4831,6026,16.974264
4832,6027,13.253713
4833,6028,16.6488
4834,6029,17.216614
4835,6030,14.8877
4836,6031,19.648746
4837,6032,18.056433
4838,6033,21.50408
4839,6034,11.067718
4840,6035,19.753948
4841,6036,13.967079
4842,6037,20.226809
4843,6038,12.751561
4844,6039,9.232001
4845,6040,11.703907
4846,6041,15.468036
4847,6042,22.238226
4848,6043,17.892677
4849,6044,17.194067
4850,6045,11.970207
4851,6046,17.341507
4852,6047,9.683856
4853,6048,22.435604
4854,6049,14.539506
4855,6050,14.160177
4856,6051,22.474386
4857,6052,17.752172
4858,6053,14.525926
4859,6054,20.234692
4860,6055,16.863665
4861,6056,23.076233
4862,6057,16.65425
4863,6058,13.269475
4864,6059,11.191265
4865,6060,16.79379
4866,6061,12.698523
4867,6062,10.713904
4868,6063,12.783427
4869,6064,16.452616
4870,6065,18.901562
4871,6066,19.957376
4872,6067,11.305445
4873,6068,15.740396
4874,6069,14.794232
4875,6071,11.2465315
4876,6073,13.139812
4877,6074,23.783766
4878,6075,11.044017
4879,6076,16.080473
4880,6077,13.939388
4881,6079,21.104553
4882,6080,18.576082
4883,6081,13.0106125
4884,6082,14.281621
4885,6083,12.047295
4886,6085,9.668596
4887,6087,14.682108
4888,6089,16.927418
4889,6090,7.3562584
4890,6091,11.422937
4891,6093,14.333952
4892,6094,11.572869
4893,6095,14.845386
4894,6096,14.146415
4895,6097,16.215797
4896,6098,13.931636
4897,6099,13.4577265
4898,6100,12.31169
4899,6101,19.969189
